"review","entity","sentiment"
"We have gone for dinner only a few times but the same great quality and service is given .","service","positive"
"We have gone for dinner only a few times but the same great quality and service is given .","dinner","positive"
"This place has great indian chinese food .","indian chinese food","positive"
"Not what I would expect for the price and prestige of this location .","location","neutral"
"Not what I would expect for the price and prestige of this location .","location","neutral"
"Finally a reliable Chinese restaurant !","Chinese restaurant","positive"
"The lobster knuckles ( special of the day ) were ok , but pretty tasteless .","lobster knuckles","neutral"
"The lobster knuckles ( special of the day ) were ok , but pretty tasteless .","lobster knuckles","negative"
"The menu is fairly simple without much descriptions .","menu","neutral"
"WORST PLACE ON SMITH STREET IN BROOKLYN","PLACE","negative"
"The staff has been nice , but they seemed really stressed and the unisex bathroom needs to be cleaned more often .","staff","positive"
"The staff has been nice , but they seemed really stressed and the unisex bathroom needs to be cleaned more often .","staff","negative"
"The staff has been nice , but they seemed really stressed and the unisex bathroom needs to be cleaned more often .","unisex bathroom","negative"
"I absolutely love this place ! ! !","place","positive"
"Everyone seemed generally happy with their food , except my brother who had the grilled Mahi Mahi , seemingly drenched in Grapfruit Juice !","food","positive"
"Everyone seemed generally happy with their food , except my brother who had the grilled Mahi Mahi , seemingly drenched in Grapfruit Juice !","grilled Mahi Mahi","negative"
"Everyone seemed generally happy with their food , except my brother who had the grilled Mahi Mahi , seemingly drenched in Grapfruit Juice !","grilled Mahi Mahi","negative"
"Excellent atmosphere , delicious dishes good and friendly service .","atmosphere","positive"
"Excellent atmosphere , delicious dishes good and friendly service .","dishes","positive"
"Excellent atmosphere , delicious dishes good and friendly service .","service","positive"
"Excellent atmosphere , delicious dishes good and friendly service .","service","positive"
"Consequently , their burgers fell apart in their hands and made such a mess that they did'nt feel like finishing them .","burgers","negative"
"I 'm partial to the Gnocchi .","Gnocchi","positive"
"The waiter was attentive .","waiter","positive"
"My chicken was inedible as there were so many fatty lumps which i had to keep spitting out into my napkin .","chicken","negative"
"I completely recommend Casa La Femme for any special occasion and to REALLY impress your date .","Casa La Femme","positive"
"Even though its good seafood , the prices are too high .","seafood","positive"
"Service not the friendliest to our `` large party `` !","Service","negative"
"While the ambiance and atmosphere were great , the food and service could have been a lot better .","ambiance","positive"
"While the ambiance and atmosphere were great , the food and service could have been a lot better .","atmosphere","positive"
"While the ambiance and atmosphere were great , the food and service could have been a lot better .","food","negative"
"While the ambiance and atmosphere were great , the food and service could have been a lot better .","service","negative"
"Looking around , I saw a room full of New Yorkers enjoying a real meal in a real restaurant , not a clubhouse of the fabulous trying to be seen .","meal","positive"
"Looking around , I saw a room full of New Yorkers enjoying a real meal in a real restaurant , not a clubhouse of the fabulous trying to be seen .","restaurant","positive"
"Sometimes tables do n't understand his sense of humor but it 's refreshing to have a server who has personality , professionalism , and respects the privacy of your dinner .","server","positive"
"Sometimes tables do n't understand his sense of humor but it 's refreshing to have a server who has personality , professionalism , and respects the privacy of your dinner .","server","positive"
"Sometimes tables do n't understand his sense of humor but it 's refreshing to have a server who has personality , professionalism , and respects the privacy of your dinner .","server","positive"
"I would highly recommand requesting a table by the window .","table by the window","positive"
"Helpful service and average price per dish $ 10 .","service","positive"
"Helpful service and average price per dish $ 10 .","dish","neutral"
"This is the kind of place you 'd like to take all your friends to and still keep a secret .","place","positive"
"I 've had my fair share of modern Japanese and this spot delivers .","modern Japanese","positive"
"Service was slow had to wait to order and get food although not crowded .","Service","negative"
"The place is small and intimate and you may feel a little crowded , but the service is excellent and it 's great for friends out , a romantic date , or a special occassion .","service","positive"
"The place is small and intimate and you may feel a little crowded , but the service is excellent and it 's great for friends out , a romantic date , or a special occassion .","place","negative"
"The place is small and intimate and you may feel a little crowded , but the service is excellent and it 's great for friends out , a romantic date , or a special occassion .","place","positive"
"The place is small and intimate and you may feel a little crowded , but the service is excellent and it 's great for friends out , a romantic date , or a special occassion .","place","positive"
"Best Pastrami I ever had and great portion without being ridiculous .","Pastrami","positive"
"Best Pastrami I ever had and great portion without being ridiculous .","portion","positive"
"Eating in , the atmosphere saves it , but at your desk , it 's a very disappointing experience .","atmosphere","positive"
"Love the scene first off- the place has a character and nice light to it..very fortunate , location wise .","scene","positive"
"Love the scene first off- the place has a character and nice light to it..very fortunate , location wise .","place","positive"
"Love the scene first off- the place has a character and nice light to it..very fortunate , location wise .","location","positive"
"The real problem I had with this place was the complete lack of service .","service","negative"
"Patroon features a nice cigar bar and has great staff .","cigar bar","positive"
"Patroon features a nice cigar bar and has great staff .","staff","positive"
"Service was prompt and courteous .","Service","positive"
"Service was prompt and courteous .","Service","positive"
"The have over 100 different beers to offer thier guest so that made my husband very happy and the food was delicious , if I must recommend a dish it must be the pumkin tortelini .","beers","positive"
"The have over 100 different beers to offer thier guest so that made my husband very happy and the food was delicious , if I must recommend a dish it must be the pumkin tortelini .","food","positive"
"The have over 100 different beers to offer thier guest so that made my husband very happy and the food was delicious , if I must recommend a dish it must be the pumkin tortelini .","pumkin tortelini","positive"
"The family seafood entree was very good .","family seafood entree","positive"
"No gimmicks here -- the food speaks for itself in its freshness and preparation .","food","positive"
"My wife and I always enjoy the young , not always well trained but nevertheless friendly , staff , all of whom have a story .","staff","positive"
"My wife and I always enjoy the young , not always well trained but nevertheless friendly , staff , all of whom have a story .","staff","positive"
"My wife and I always enjoy the young , not always well trained but nevertheless friendly , staff , all of whom have a story .","staff","positive"
"My wife and I always enjoy the young , not always well trained but nevertheless friendly , staff , all of whom have a story .","staff","positive"
"Our food was great too !","food","positive"
"Have eaten at Ginger House several times , and it 's always good .","Ginger House","positive"
"The veal was incredible last night .","veal","positive"
"We love the food , drinks , and atmosphere !","food","positive"
"We love the food , drinks , and atmosphere !","drinks","positive"
"We love the food , drinks , and atmosphere !","atmosphere","positive"
"Service was just ok , it is not what you 'd expect for $ 500 .","Service","negative"
"if you 're daring , try the balsamic vinegar over icecream , it 's wonderful !","balsamic vinegar over icecream","positive"
"if you 're daring , try the balsamic vinegar over icecream , it 's wonderful !","balsamic vinegar over icecream","positive"
"My girlfriend , being slightly more aggressive , and having been equally disgusted causing her to throw out the remainder of her barely eaten meal , called back only to be informed that I was probably wrong and that it was most likely an oyster , and that we were also blacklisted from their restaurant .","meal","negative"
"The wine list is interesting and has many good values .","wine list","positive"
"The wine list is interesting and has many good values .","wine list","positive"
"Servers are all different , Greg is my favorite .","Greg","positive"
"The place is so cool and the service is prompt and curtious .","service","positive"
"The place is so cool and the service is prompt and curtious .","service","positive"
"The place is so cool and the service is prompt and curtious .","place","positive"
"I did n't complain , I liked the atmosphere so much .","atmosphere","positive"
"The entree was also very good .","entree","positive"
"Can ’ t believe how an expensive NYC restaurant can be so disrespectful to its clients .","restaurant","negative"
"Great survice","survice","positive"
"Good food .","food","positive"
"Food was OK .","Food","neutral"
"the food is decent .","food","neutral"
"For authentic Thai food , look no further than Toons .","Thai food","positive"
"The wife had the risotto which was amazing .","risotto","positive"
"The bread was stale , the salad was overpriced and empty .","bread","negative"
"The bread was stale , the salad was overpriced and empty .","salad","negative"
"The bread was stale , the salad was overpriced and empty .","salad","negative"
"While their kitchen food is delicious , their Sushi is out of this world .","kitchen food","positive"
"While their kitchen food is delicious , their Sushi is out of this world .","Sushi","positive"
"He offers subpar service and has no personality .","service","negative"
"I go out to eat and like my courses , servers are patient and never rush courses or force another drink .","servers","positive"
"We had the scallops as an appetizer and they were delicious and the sauce was wonderful .","scallops","positive"
"We had the scallops as an appetizer and they were delicious and the sauce was wonderful .","sauce","positive"
"not sure why this restaurant would be rated that highly .","restaurant","negative"
"This is my first time writing a review for a restaurant because the food and service was excellent .","food","positive"
"This is my first time writing a review for a restaurant because the food and service was excellent .","service","positive"
"Great sake !","sake","positive"
"The dessert ( we had a pear torte ) was good - but , once again , the staff was unable to provide appropriate drink suggestions .","pear torte","positive"
"The dessert ( we had a pear torte ) was good - but , once again , the staff was unable to provide appropriate drink suggestions .","staff","negative"
"You would think they would make up for it with service , sadly , no .","service","negative"
"I had a huge pastrami sandwich on a roll .","pastrami sandwich on a roll","neutral"
"The Dancing , White River and Millenium rolls are musts .","Dancing , White River and Millenium rolls","positive"
"This place is pricey , and yes , the food is worth it ; but the service makes you feel like you should be paying a quater of the price .","place","negative"
"This place is pricey , and yes , the food is worth it ; but the service makes you feel like you should be paying a quater of the price .","food","positive"
"This place is pricey , and yes , the food is worth it ; but the service makes you feel like you should be paying a quater of the price .","service","negative"
"Never have I had such dramatic delivery guys ( a lot of huffing and panting and muttering under breath b/c I live in a walkup ) who always seem disappointed with their tips .","delivery guys","negative"
"Try the sea bass .","sea bass","positive"
"This place is a must visit !","place","positive"
"I take all my NYC guests to VT 's .","VT 's","positive"
"Fish was overdone .","Fish","negative"
"I also recommend the rice dishes or the different varieties of congee ( rice porridge ) .","rice dishes","positive"
"I also recommend the rice dishes or the different varieties of congee ( rice porridge ) .","congee ( rice porridge )","positive"
"It 's a small cute restaurant .","restaurant","positive"
"This tiny Williamsburg spot is always pleasantly surprising .","Williamsburg spot","positive"
"We , there were four of us , arrived at noon - the place was empty - and the staff acted like we were imposing on them and they were very rude .","staff","negative"
"It 's simply the best meal in NYC .","meal","positive"
"I would never recommend this place to anybody even for a casual dinner .","place","negative"
"I would never recommend this place to anybody even for a casual dinner .","place","negative"
"The staff is very good .","staff","positive"
"The cream cheeses are out of this world and I love that coffee ! !","cream cheeses","positive"
"The cream cheeses are out of this world and I love that coffee ! !","coffee","positive"
"Food awesome .","Food","positive"
"the only things u could really taste are the very salty soy sauce ( even its low sodium ) , the vinegar-soaked rice , and the scallion on top of the fish .","soy sauce","negative"
"the only things u could really taste are the very salty soy sauce ( even its low sodium ) , the vinegar-soaked rice , and the scallion on top of the fish .","rice","negative"
"Good drink .","drink","positive"
"The service leaves much to be desired , from feeling like you are rushed the place your order , to being ignored the rest of the night .","service","negative"
"The crust has a great bite and a good chew , the sauce is light with a nice acidity to it , the salt from the cheese is great , really heightens the flavor of all the other components .","crust","positive"
"The crust has a great bite and a good chew , the sauce is light with a nice acidity to it , the salt from the cheese is great , really heightens the flavor of all the other components .","crust","positive"
"The crust has a great bite and a good chew , the sauce is light with a nice acidity to it , the salt from the cheese is great , really heightens the flavor of all the other components .","sauce","positive"
"The crust has a great bite and a good chew , the sauce is light with a nice acidity to it , the salt from the cheese is great , really heightens the flavor of all the other components .","cheese","positive"
"but when we looked at the menu , there weren 't a lot of choices , most of them were dumplings in the appetizer section .","menu","negative"
"The price is reasonable although the service is poor .","service","negative"
"We all agreed that mare is one of the best seafood restaurants in New York .","mare","positive"
"The pizza is delicious - they use fresh mozzarella instead of the cheap , frozen , shredded cheese common to most pizzaria 's .","pizza","positive"
"The pizza is delicious - they use fresh mozzarella instead of the cheap , frozen , shredded cheese common to most pizzaria 's .","fresh mozzarella","positive"
"Great food .","food","positive"
"I generally like this place .","place","positive"
"However , our main course was wonderful .","main course","positive"
"We were drawn into the belly dancing show that captivated the crowd .","belly dancing show","positive"
"I have to highly recommend the lobster roll - not to much mayo ; you can tell it was a fresh lobster .","lobster roll","positive"
"I have to highly recommend the lobster roll - not to much mayo ; you can tell it was a fresh lobster .","lobster","positive"
"The service is good and the resturant is clean .","service","positive"
"The service is good and the resturant is clean .","resturant","positive"
"I really recommend the very simple Unda ( Egg ) rolls .","Unda ( Egg ) rolls","positive"
"I really recommend the very simple Unda ( Egg ) rolls .","Unda ( Egg ) rolls","positive"
"The environment is very upscale and you will see a lot of rich guys with trophy wives or just highly paid escorts .","environment","neutral"
"Everything on the menu is great .","menu","positive"
"The wait here is long for dim sum , but if you do n't like sharing tables or if the typical raucous dim sum atmosphere is not your gig , this is a sleek ( for Chinatown ) alternative .","wait","negative"
"The wait here is long for dim sum , but if you do n't like sharing tables or if the typical raucous dim sum atmosphere is not your gig , this is a sleek ( for Chinatown ) alternative .","atmosphere","negative"
"This place blew me away ... by far my new favorite restaurant on the uppereast side .","place","positive"
"Food was very good as well , considering that we tried the budget selection ( though I wish the pork belly that I ordered was roasted a bit longer , so that fat was more of a melt-in-your-mouth experience ) .","Food","positive"
"Food was very good as well , considering that we tried the budget selection ( though I wish the pork belly that I ordered was roasted a bit longer , so that fat was more of a melt-in-your-mouth experience ) .","pork belly","negative"
"I heard the lobster roll was excellent .","lobster roll","positive"
"It 's a rather cramped and busy restaurant and it closes early .","restaurant","negative"
"It 's a rather cramped and busy restaurant and it closes early .","restaurant","negative"
"It 's a rather cramped and busy restaurant and it closes early .","restaurant","negative"
"The atmosphere was great .","atmosphere","positive"
"The wait staff is pleasant , fun , and for the most part gorgeous ( in the wonderful aesthetic beautification way , not in that she 's-way-cuter-than-me-that-b @ # $ * way ) .","wait staff","positive"
"The wait staff is pleasant , fun , and for the most part gorgeous ( in the wonderful aesthetic beautification way , not in that she 's-way-cuter-than-me-that-b @ # $ * way ) .","wait staff","positive"
"The wait staff is pleasant , fun , and for the most part gorgeous ( in the wonderful aesthetic beautification way , not in that she 's-way-cuter-than-me-that-b @ # $ * way ) .","wait staff","positive"
"fine dining restaurant quality .","dining","positive"
"I read reviews that called the restaurant too expensive and I thought to myself , but may be it is worth it .","restaurant","negative"
"I read reviews that called the restaurant too expensive and I thought to myself , but may be it is worth it .","restaurant","negative"
"This tiny restaurant is as cozy as it gets , with that certain Parisian flair .","restaurant","positive"
"and yes Dal Bukhara is so dam good and so are all the kababs .","kababs","positive"
"and yes Dal Bukhara is so dam good and so are all the kababs .","Dal Bukhara","positive"
"the crust was imazingly cooked well and pizza was fully loaded : ) : ) : )","crust","positive"
"the crust was imazingly cooked well and pizza was fully loaded : ) : ) : )","pizza","positive"
"I highly recommend the restaurant based on our experience last night .","restaurant","positive"
"We were 4 and got the family size penne a la vodka which was tremendously gigantic portion ... a bucket of food literally .","penne a la vodka","positive"
"Our server was very helpful and friendly .","server","positive"
"Our server was very helpful and friendly .","server","positive"
"Make sure you have the Spicy Scallop roll ...","Spicy Scallop roll","positive"
"The service was attentive .","service","positive"
"The service was fast and friendly and the food was very tasty and they had the best hot sauce to add to your meals .","service","positive"
"The service was fast and friendly and the food was very tasty and they had the best hot sauce to add to your meals .","service","positive"
"The service was fast and friendly and the food was very tasty and they had the best hot sauce to add to your meals .","food","positive"
"The service was fast and friendly and the food was very tasty and they had the best hot sauce to add to your meals .","hot sauce","positive"
"I must say I am surprised by the bad reviews of the restaurant earlier in the year , though .","restaurant","positive"
"Mistakes happen , but they are usually accompanied by an apology , perhaps even a glass of wine ... but not the grunt that we received from the Al Di La staff .","staff","negative"
"The place is small and cramped but the food is fantastic .","place","negative"
"The place is small and cramped but the food is fantastic .","place","negative"
"The place is small and cramped but the food is fantastic .","food","positive"
"I loved this place ! !","place","positive"
"The lunch buffet is expensive but is deff worth it .","lunch buffet","negative"
"The lunch buffet is expensive but is deff worth it .","lunch buffet","positive"
"The outdoor atmosphere of sitting on the sidewalk watching the world go by 50 feet away on 6th avenue on a cool evening was wonderful .","outdoor atmosphere","positive"
"The service is good and ambience is good for a date or group outing .","service","positive"
"The service is good and ambience is good for a date or group outing .","ambience","positive"
"The food now is inconsistent .","food","negative"
"All in all the food was good - a little on the expensive side , but fresh .","food","positive"
"All in all the food was good - a little on the expensive side , but fresh .","food","positive"
"All in all the food was good - a little on the expensive side , but fresh .","food","negative"
"The servers at Flatbush Farm appear to have perfected that ghastly technique of making you feel guilty and ashamed for deigning to attract their attention .","servers","negative"
"It is one the nicest outdoor restaurants I have ever seen in NY -- I am from Italy and this place rivals the ones in my country .","outdoor restaurants","positive"
"Prices too high for this cramped and unappealing resturant .","resturant","negative"
"Prices too high for this cramped and unappealing resturant .","resturant","negative"
"Prices too high for this cramped and unappealing resturant .","resturant","negative"
"A quintessential slice of NYC pizza .","slice of NYC pizza","neutral"
"But the staff was so horrible to us .","staff","negative"
"I picked the Grilled Black Cod as my entree , which I absolutely devoured while someone commented that the Grilled Salmon dish was better .","Grilled Black Cod","positive"
"I picked the Grilled Black Cod as my entree , which I absolutely devoured while someone commented that the Grilled Salmon dish was better .","Grilled Salmon dish","positive"
"LOVE the atmosphere - felt like I was in Paris .","atmosphere","positive"
"One of us actually liked the expresso - that 's it .","expresso","positive"
"The pizza is delicious and the proprietor is one of the nicest in NYC .","pizza","positive"
"The pizza is delicious and the proprietor is one of the nicest in NYC .","proprietor","positive"
"In the evening , this place attracted a well dressed , with it , NY crowd .","crowd","positive"
"In any event , this is a place I 'll be sure to stop by again when I 'm in this part of town .","place","positive"
"For me dishes a little oily , but overall dining experience good .","dishes","negative"
"Wait staff is blantently unappreciative of your business but its the best pie on the UWS !","Wait staff","negative"
"Wait staff is blantently unappreciative of your business but its the best pie on the UWS !","pie","positive"
"I thought the restaurant was nice and clean .","restaurant","positive"
"I thought the restaurant was nice and clean .","restaurant","positive"
"I love this place","place","positive"
"Mizu is home to creative and unique rolls not to found anywhere else .","rolls","positive"
"But the service is HORRID !","service","negative"
"Prices are fair across the board for both food and bev .","food","positive"
"Prices are fair across the board for both food and bev .","bev","positive"
"If you ’ re planning to come here , make sure that your date is someone whom you really like since you ’ ll be ushered to private booths where there will be no people or food watching ( choose the ones on the ground level that have glass ceilings so you may see the stars in the sky ! ) .","private booths","positive"
"The food was great and tasty , but the sitting space was too small , I do n't like being cramp in a corner .","food","positive"
"The food was great and tasty , but the sitting space was too small , I do n't like being cramp in a corner .","food","positive"
"The food was great and tasty , but the sitting space was too small , I do n't like being cramp in a corner .","sitting space","negative"
"I have never been so disgusted by both food an service .","food","negative"
"I have never been so disgusted by both food an service .","service","negative"
"Very affordable and excellent ambient !","ambient","positive"
"I am relatively new to the area and tried Pick a bgel on 2nd and was disappointed with the service and I thought the food was overated and on the pricey side .","service","negative"
"I am relatively new to the area and tried Pick a bgel on 2nd and was disappointed with the service and I thought the food was overated and on the pricey side .","food","negative"
"I am relatively new to the area and tried Pick a bgel on 2nd and was disappointed with the service and I thought the food was overated and on the pricey side .","food","negative"
"Once you step into Cosette , you 're miraculously in a small , off-the-beaten path Parisian bistro .","Cosette","positive"
"Great Atmosphere","Atmosphere","positive"
"The rice was poor quality and was cooked so badly it was hard .","rice","negative"
"The rice was poor quality and was cooked so badly it was hard .","rice","negative"
"The rice was poor quality and was cooked so badly it was hard .","rice","negative"
"For a restaurant with such a good reputation and that is usually so packed , there was no reason for such a lack of intelligent customer service .","restaurant","positive"
"For a restaurant with such a good reputation and that is usually so packed , there was no reason for such a lack of intelligent customer service .","customer service","negative"
"I 'd highly recommend it for a special occasion -- it provides and intimate setting and nice service .","setting","positive"
"I 'd highly recommend it for a special occasion -- it provides and intimate setting and nice service .","service","positive"
"I think I 've had some the best meals of my life at minnow .","meals","positive"
"Stepping into Casa La Femme last night was a true experience unlike any other in New York !","Casa La Femme","positive"
"it was really good pizza .","pizza","positive"
"This is the MOST wonderful restaurant in all of New York City , not just Brooklyn ...","restaurant","positive"
"This little place definitely exceeded my expectations and you sure get a lot of food for your money .","food","positive"
"This little place definitely exceeded my expectations and you sure get a lot of food for your money .","place","positive"
"This little place definitely exceeded my expectations and you sure get a lot of food for your money .","food","positive"
"In summer-eat outside on a terrace ( another great feature of Suan ) ! ! !","terrace","positive"
"The place is a BISTRO which means : simple dishes and wine served efficiently in a bustling atmosphere .","dishes","positive"
"The place is a BISTRO which means : simple dishes and wine served efficiently in a bustling atmosphere .","atmosphere","positive"
"I was visiting New York City with a friend and we discovered this really warm and inviting restaurant .","restaurant","positive"
"The dinner was ok , nothing I would have again .","dinner","negative"
"We asked for sides which the waiter than admitted that he forgot to put in that part of our order .","waiter","negative"
"The shrimp scampi was excellent and the antipasti were plentiful .","shrimp scampi","positive"
"The shrimp scampi was excellent and the antipasti were plentiful .","antipasti","positive"
"The chicken pot pie is exceptional , the cheeseburger huge and delictable , and the service professional wan warm .","chicken pot pie","positive"
"The chicken pot pie is exceptional , the cheeseburger huge and delictable , and the service professional wan warm .","cheeseburger","positive"
"The chicken pot pie is exceptional , the cheeseburger huge and delictable , and the service professional wan warm .","cheeseburger","positive"
"The chicken pot pie is exceptional , the cheeseburger huge and delictable , and the service professional wan warm .","service","positive"
"The chicken pot pie is exceptional , the cheeseburger huge and delictable , and the service professional wan warm .","service","positive"
"The food was authentic .","food","positive"
"We thought the dessert would be better , Wrong !","dessert","negative"
"The sushi is amazing ! ! !","sushi","positive"
"Service was good and food is wonderful .","Service","positive"
"Service was good and food is wonderful .","food","positive"
"You must try the shrimp appetizers .","shrimp appetizers","positive"
"My husband said he could 've eaten several more , the portion was fine for me he even exclaimed that the french fries were the best he has had .","portion","positive"
"My husband said he could 've eaten several more , the portion was fine for me he even exclaimed that the french fries were the best he has had .","french fries","positive"
"for 7 years they have put out the most tasty , most delicious food and kept it that way ...","food","positive"
"The mussels were fantastic and so was the dessert ... definitely going to be back very soon .","mussels","positive"
"The mussels were fantastic and so was the dessert ... definitely going to be back very soon .","dessert","positive"
"Slightly above average wines start at $ 70+ with only one selection listed at $ 30+ .","wines","negative"
"Slightly above average wines start at $ 70+ with only one selection listed at $ 30+ .","wines","negative"
"There was no tap beer that evening , which was a disappointment .","beer","negative"
"Hats off to the chef .","chef","positive"
"Love Al Di La","Al Di La","positive"
"Yes , the place is classy and beautiful , but they most certainly target the uber whealthy Not the common joe that wants to go all out every once in a while .","place","positive"
"Yes , the place is classy and beautiful , but they most certainly target the uber whealthy Not the common joe that wants to go all out every once in a while .","place","positive"
"Yes , the place is classy and beautiful , but they most certainly target the uber whealthy Not the common joe that wants to go all out every once in a while .","place","negative"
"The baked clams octopus we shared as appetizers were the best we 've ever had ! !","baked clams octopus","positive"
"If we were to move from the upper east side , we would genuinely miss this restaurant .","restaurant","positive"
"Pizza - the only pizza in NYC that should not have additional toppings - the crust tastes like the best , freshly baked bread !","crust","positive"
"Pizza - the only pizza in NYC that should not have additional toppings - the crust tastes like the best , freshly baked bread !","pizza","positive"
"Best Italian food I ever had ( and being Italian , that means alot ) .","Italian food","positive"
"I LOOOVE their eggplant pizza , as well as their pastas !","eggplant pizza","positive"
"I LOOOVE their eggplant pizza , as well as their pastas !","pastas","positive"
"Who has room for Cheesesticks with the best pizza in NYC !","pizza","positive"
"The characters really make for an enjoyable experience .","characters","positive"
"Over the years the host , Vittorio , and his crew , have always treated me as family -- although with all the business this not-so-little gem does , it amazing he 's even able to remember a consistent but not-so-frequent visitor .","host","positive"
"Over the years the host , Vittorio , and his crew , have always treated me as family -- although with all the business this not-so-little gem does , it amazing he 's even able to remember a consistent but not-so-frequent visitor .","crew","positive"
"The quantity is also very good , you will come out satisfied .","quantity","positive"
"The quantity is also very good , you will come out satisfied .","quantity","positive"
"Service was quick .","Service","positive"
"A coworker and I tried Pacifico after work a few Fridays and loved it .","Pacifico","positive"
"The waitress was not attentive at all .","waitress","negative"
"If you do n't mind pre-sliced low quality fish , unfriendly staff and a sushi chef that looks like he is miserable then this is your place .","fish","negative"
"If you do n't mind pre-sliced low quality fish , unfriendly staff and a sushi chef that looks like he is miserable then this is your place .","staff","negative"
"If you do n't mind pre-sliced low quality fish , unfriendly staff and a sushi chef that looks like he is miserable then this is your place .","sushi chef","negative"
"Furthermore , the rice had no seasoning , so the sushi was bland and disgusting .","rice","negative"
"Furthermore , the rice had no seasoning , so the sushi was bland and disgusting .","sushi","negative"
"Furthermore , the rice had no seasoning , so the sushi was bland and disgusting .","sushi","negative"
"The first time I went , and was completely taken by the live jazz band and atmosphere , I ordered the Lobster Cobb Salad .","live jazz band","positive"
"The first time I went , and was completely taken by the live jazz band and atmosphere , I ordered the Lobster Cobb Salad .","atmosphere","positive"
"I had their eggs benedict for brunch , which were the worst in my entire life , I tried removing the hollondaise sauce completely that was how failed it was .","eggs benedict","negative"
"Kind of a small place but I guess if they are not too busy might be able to fit a group or kids .","place","neutral"
"My Girlfriend and I stumbled onto this hopping place the other night and had a great time !","place","positive"
"My Girlfriend and I stumbled onto this hopping place the other night and had a great time !","place","positive"
"The hot dogs are top notch , and they 're Slamwich is amazing !","hot dogs","positive"
"The hot dogs are top notch , and they 're Slamwich is amazing !","Slamwich","positive"
"skip dessert .","dessert","negative"
"The service was quick and friendly .","service","positive"
"Chow fun was dry ; pork shu mai was more than usually greasy and had to share a table with loud and rude family .","Chow fun","negative"
"Chow fun was dry ; pork shu mai was more than usually greasy and had to share a table with loud and rude family .","pork shu mai","negative"
"Yes , they use fancy ingredients , but even fancy ingredients do n't make for good pizza unless someone knows how to get the crust right .","ingredients","positive"
"Yes , they use fancy ingredients , but even fancy ingredients do n't make for good pizza unless someone knows how to get the crust right .","pizza","negative"
"Authentic Pakistani food .","Pakistani food","positive"
"The food was actually aweful .","food","negative"
"This is by far my favorite place in the neighborhood .","place","positive"
"This restaurant was way overhyped .","restaurant","negative"
"Best restaurant in Brooklyn","restaurant","positive"
"Service was slow , but the people were friendly .","Service","negative"
"Service was slow , but the people were friendly .","people","positive"
"However , I think Jeckll and Hydes t is one of those places that is fun to do once .","Jeckll and Hydes","positive"
"The fish was really , really fresh .","fish","positive"
"I had a grat time at Jekyll and Hyde !","Jekyll and Hyde","positive"
"the drinks are amazing and half off till 8pm .","drinks","positive"
"the drinks are amazing and half off till 8pm .","drinks","positive"
"The last two times I ordered from here my food was soo spicy that I could barely eat it , and the spice took away from the flavor of the dish .","food","negative"
"The last two times I ordered from here my food was soo spicy that I could barely eat it , and the spice took away from the flavor of the dish .","spice","negative"
"Haru on Park S is simply disgusting .","Haru on Park S","negative"
"those rolls were big , but not good and sashimi was n't fresh .","rolls","positive"
"those rolls were big , but not good and sashimi was n't fresh .","rolls","negative"
"those rolls were big , but not good and sashimi was n't fresh .","sashimi","negative"
"This place is really trendi but they have forgotten about the most important part of a restaurant , the food .","food","negative"
"This place is really trendi but they have forgotten about the most important part of a restaurant , the food .","place","positive"
"Pacifico is a great place to casually hang out .","Pacifico","positive"
"I attended a holiday dinner at the restaurant , and the food was majorly disappointing .","food","negative"
"You should pass on the calamari .","calamari","negative"
"If you 've ever been along the river in Weehawken you have an idea of the top of view the chart house has to offer .","view","positive"
"The only thing more wonderful than the food ( which is exceptional ) is the service .","food","positive"
"The only thing more wonderful than the food ( which is exceptional ) is the service .","service","positive"
"short and sweet – seating is great : it 's romantic , cozy and private .","seating","positive"
"She was very helpful in suggesting us drinks and helped us in ordering a lot of good dishes since we knew nothing about Indian food .","dishes","positive"
"The rolls are creative and I have yet to find another sushi place that serves up more inventive yet delicious japanese food .","rolls","positive"
"The rolls are creative and I have yet to find another sushi place that serves up more inventive yet delicious japanese food .","japanese food","positive"
"The rolls are creative and I have yet to find another sushi place that serves up more inventive yet delicious japanese food .","japanese food","positive"
"I have it a 4 instead of 5 because of the price ( just chicken tikka masala - no bread of rice - is $ 25 ) , which I would expect at a upscale Indian restaurant but this place doesn 't have an upscale feel .","place","positive"
"I have it a 4 instead of 5 because of the price ( just chicken tikka masala - no bread of rice - is $ 25 ) , which I would expect at a upscale Indian restaurant but this place doesn 't have an upscale feel .","chicken tikka masala","negative"
"I have it a 4 instead of 5 because of the price ( just chicken tikka masala - no bread of rice - is $ 25 ) , which I would expect at a upscale Indian restaurant but this place doesn 't have an upscale feel .","feel","negative"
"The pizza is overpriced and soggy .","pizza","negative"
"The pizza is overpriced and soggy .","pizza","negative"
"The food looked very appetizing and delicious since it came on a variety of fancy plates .","food","positive"
"The food looked very appetizing and delicious since it came on a variety of fancy plates .","food","positive"
"Hands down the best pizza on the planet .","pizza","positive"
"never swaying , never a bad meal , never bad service ...","meal","positive"
"never swaying , never a bad meal , never bad service ...","service","positive"
"The martinis are amazing and very fairly priced .","martinis","positive"
"The martinis are amazing and very fairly priced .","martinis","positive"
"Despite the confusing mirrors this will likely be my go-to for modern Japanese food for the foreseeable future .","modern Japanese food","positive"
"Despite the confusing mirrors this will likely be my go-to for modern Japanese food for the foreseeable future .","mirrors","negative"
"However , if you want great food at a great price and do n't mind the decor , you ca n't beat this place .","food","positive"
"However , if you want great food at a great price and do n't mind the decor , you ca n't beat this place .","food","positive"
"Avoid this place !","place","negative"
"Quite frankly , this is some of the worst sushi I have ever tried .","sushi","negative"
"I would definitely recommend SEA if you like thai cuisine !","thai cuisine","positive"
"I have eaten at Saul , many times , the food is always consistently , outrageously good .","food","positive"
"Big Wong gets big Ups for a fine establishment .","Big Wong","positive"
"Big Wong gets big Ups for a fine establishment .","Big Wong","positive"
"The lamb was tender so full of flavor , the dessert was divine ! !","lamb","positive"
"The lamb was tender so full of flavor , the dessert was divine ! !","dessert","positive"
"THe Pizza and wine were excellent -- the service too -- but what really MADE this place was the backyard dining area .","Pizza","positive"
"THe Pizza and wine were excellent -- the service too -- but what really MADE this place was the backyard dining area .","wine","positive"
"THe Pizza and wine were excellent -- the service too -- but what really MADE this place was the backyard dining area .","service","positive"
"Only complaint is the pricing -- I believe it would be more reasonable to pay a dollar less on each item listed on the menu .","menu","negative"
"Service was also very good .","Service","positive"
"Try the lobster teriyaki and the rose special roll .","lobster teriyaki","positive"
"Try the lobster teriyaki and the rose special roll .","rose special roll","positive"
"They have it all -- great price , food , and service .","food","positive"
"They have it all -- great price , food , and service .","service","positive"
"The blond wood decor is very soothing , the premium sake is excellent and the service is great .","blond wood decor","positive"
"The blond wood decor is very soothing , the premium sake is excellent and the service is great .","premium sake","positive"
"The blond wood decor is very soothing , the premium sake is excellent and the service is great .","service","positive"
"This place is great .","place","positive"
"Watch the talented belly dancers as you enjoy delicious baba ganoush that 's more lemony than smoky .","baba ganoush","positive"
"Watch the talented belly dancers as you enjoy delicious baba ganoush that 's more lemony than smoky .","belly dancers","positive"
"Service was devine , oysters where a sensual as they come , and the price ca n't be beat ! ! !","Service","positive"
"Service was devine , oysters where a sensual as they come , and the price ca n't be beat ! ! !","oysters","positive"
"I go and eat out at many different restaurants and this is one place you have go and try .","place","positive"
"Friendly staff that actually lets you enjoy your meal and the company you 're with .","staff","positive"
"Zero ambiance to boot .","ambiance","negative"
"The sake menu should not be overlooked !","sake menu","positive"
"Very `` normal Indian food `` , but done really well .","Indian food","neutral"
"Very `` normal Indian food `` , but done really well .","Indian food","positive"
"There is a downside if you 're ordering in -- the delivery guys have MAJOR attitude .","delivery guys","negative"
"but the service was a bit slow .","service","negative"
"Best of all is the warm vibe , the owner is super friendly and service is fast .","vibe","positive"
"Best of all is the warm vibe , the owner is super friendly and service is fast .","owner","positive"
"Best of all is the warm vibe , the owner is super friendly and service is fast .","service","positive"
"The main entree was also very good .","main entree","positive"
"Also , I personally was n't a fan of the portobello and asparagus mole .","portobello and asparagus mole","negative"
"I really like both the scallops and the mahi mahi ( on saffron risotto yum ! ) .","scallops","positive"
"I really like both the scallops and the mahi mahi ( on saffron risotto yum ! ) .","mahi mahi ( on saffron risotto","positive"
"Try their chef 's specials -- they are to die for .","chef 's specials","positive"
"Try their chef 's specials -- they are to die for .","chef 's specials","positive"
"It was the first place we ate on our first trip to New York , and it will be the last place we stop as we head out of town on our next trip to New York .","place","positive"
"Personal pans are the perfect size for those hungry nights .","Personal pans","positive"
"Very immature bartender , didnt know how to make specific drinks , service was so slowwwww , the food was not fresh or warm , waitresses were busy flirting with men at the bar and werent very attentive to all the customers .","bartender","negative"
"Very immature bartender , didnt know how to make specific drinks , service was so slowwwww , the food was not fresh or warm , waitresses were busy flirting with men at the bar and werent very attentive to all the customers .","service","negative"
"Very immature bartender , didnt know how to make specific drinks , service was so slowwwww , the food was not fresh or warm , waitresses were busy flirting with men at the bar and werent very attentive to all the customers .","food","negative"
"Very immature bartender , didnt know how to make specific drinks , service was so slowwwww , the food was not fresh or warm , waitresses were busy flirting with men at the bar and werent very attentive to all the customers .","waitresses","negative"
"The pastas are incredible , the risottos ( particularly the sepia ) are fantastic and the braised rabbit is amazing .","pastas","positive"
"The pastas are incredible , the risottos ( particularly the sepia ) are fantastic and the braised rabbit is amazing .","risottos","positive"
"The pastas are incredible , the risottos ( particularly the sepia ) are fantastic and the braised rabbit is amazing .","sepia","positive"
"The pastas are incredible , the risottos ( particularly the sepia ) are fantastic and the braised rabbit is amazing .","braised rabbit","positive"
"amazing fun for hot dog lovers of all ages PLEASE do yourself a favor and check this place out ! ! ! !","place","positive"
"amazing fun for hot dog lovers of all ages PLEASE do yourself a favor and check this place out ! ! ! !","hot dog","positive"
"We are very particular about sushi and were both please with every choice which included : ceviche mix ( special ) , crab dumplings , assorted sashimi , sushi and rolls , two types of sake , and the banana tempura .","sushi","positive"
"We are very particular about sushi and were both please with every choice which included : ceviche mix ( special ) , crab dumplings , assorted sashimi , sushi and rolls , two types of sake , and the banana tempura .","ceviche mix ( special )","positive"
"We are very particular about sushi and were both please with every choice which included : ceviche mix ( special ) , crab dumplings , assorted sashimi , sushi and rolls , two types of sake , and the banana tempura .","crab dumplings","positive"
"We are very particular about sushi and were both please with every choice which included : ceviche mix ( special ) , crab dumplings , assorted sashimi , sushi and rolls , two types of sake , and the banana tempura .","assorted sashimi","positive"
"We are very particular about sushi and were both please with every choice which included : ceviche mix ( special ) , crab dumplings , assorted sashimi , sushi and rolls , two types of sake , and the banana tempura .","sushi","positive"
"We are very particular about sushi and were both please with every choice which included : ceviche mix ( special ) , crab dumplings , assorted sashimi , sushi and rolls , two types of sake , and the banana tempura .","rolls","positive"
"We are very particular about sushi and were both please with every choice which included : ceviche mix ( special ) , crab dumplings , assorted sashimi , sushi and rolls , two types of sake , and the banana tempura .","two types of sake","positive"
"We are very particular about sushi and were both please with every choice which included : ceviche mix ( special ) , crab dumplings , assorted sashimi , sushi and rolls , two types of sake , and the banana tempura .","banana tempura","positive"
"Well , this place is so Ghetto its not even funny .","place","negative"
"Well , this place is so Ghetto its not even funny .","place","negative"
"We ended our great experience by having Gulab Jamun ( dessert ) recommended by the waiter .","Gulab Jamun ( dessert )","positive"
"Good food : my favorite is the seafood spaghetti .","food","positive"
"Good food : my favorite is the seafood spaghetti .","seafood spaghetti","positive"
"I will go back to Suan soon !","Suan","positive"
"Great bagels made the old-fashioned way .","bagels","positive"
"Great bagels made the old-fashioned way .","bagels","positive"
"Had no flavor and the staff is rude and not attentive .","staff","negative"
"Had no flavor and the staff is rude and not attentive .","staff","negative"
"The design of the space is good .","space","positive"
"I have tried to make reservations , but both times , the hostess did n't have my name .","hostess","negative"
"When you 're sitting in their main dining room ( which has a spectacular , hand-painted high ceiling ) you 'd never know there was a world outside .","main dining room","positive"
"When you 're sitting in their main dining room ( which has a spectacular , hand-painted high ceiling ) you 'd never know there was a world outside .","ceiling","positive"
"When you 're sitting in their main dining room ( which has a spectacular , hand-painted high ceiling ) you 'd never know there was a world outside .","ceiling","positive"
"honestly the worst sushi my husband and i had in our entire lives .","sushi","negative"
"Big Wong is a great place to eat and fill your stomach .","Big Wong","positive"
"The drinks are always welll made and wine selection is fairly priced .","drinks","positive"
"The drinks are always welll made and wine selection is fairly priced .","wine selection","positive"
"Service is fast and friendly .","Service","positive"
"Service is fast and friendly .","Service","positive"
"Traditional French decour was pleasant though the hall was rather noisy - the restaurant was full and we had to raise our voices to be able to maintain a conversation .","Traditional French decour","positive"
"Traditional French decour was pleasant though the hall was rather noisy - the restaurant was full and we had to raise our voices to be able to maintain a conversation .","hall","negative"
"This small Astoria souvlaki spot makes what many consider the best gyros in New York .","gyros","positive"
"After the 4th time i asked again and the waiter than said after our dinner .","waiter","negative"
"im not necessarily fanatical about this place , but it was a fun time for low pirces .","place","positive"
"im not necessarily fanatical about this place , but it was a fun time for low pirces .","place","positive"
"The sandwiches are dry , tasteless and way overpriced .","sandwiches","negative"
"The sandwiches are dry , tasteless and way overpriced .","sandwiches","negative"
"The sandwiches are dry , tasteless and way overpriced .","sandwiches","negative"
"Go to Volare for 1st class service and terrific food .","service","positive"
"Go to Volare for 1st class service and terrific food .","food","positive"
"The dosas are skimpy , unattractive and drip with grease , and personally I 'd drink popcorn topping before I 'd eat another one of these .","dosas","negative"
"The dosas are skimpy , unattractive and drip with grease , and personally I 'd drink popcorn topping before I 'd eat another one of these .","dosas","negative"
"whoever the jazz duo was , they were on POINT .","jazz duo","positive"
"We did n't want a bottle of bubbly on a weekday so we each got little bottles of Korbett it was just enough .","bottles of Korbett","positive"
"Favorite Sushi in NYC","Sushi","positive"
"Both times I was extremely dissappointed by the service , which was boarderline rude .","service","negative"
"Both times I was extremely dissappointed by the service , which was boarderline rude .","service","negative"
"Mermaid Inn is an overall good restaurant with really good seafood .","seafood","positive"
"Mermaid Inn is an overall good restaurant with really good seafood .","Mermaid Inn","positive"
"By the time we left our wallets were empy and so were our stomachs AND we missed the show we were supposed to see following our dinner , which would have been acceptable if we got to enjoy the experience of good food and belly dancers !","food","negative"
"Have recommended the place to friends , always gets good response .","place","positive"
"The combination of super-fresh ingredients in the dishes are unusual but really delicious .","ingredients","positive"
"The combination of super-fresh ingredients in the dishes are unusual but really delicious .","ingredients","positive"
"I am reluctant to write because I would not want my jem of a pizza place to become overcrowded .","pizza place","positive"
"I recieved prompt service with a smile .","service","positive"
"Try the crunchy tuna , it is to die for .","crunchy tuna","positive"
"Try the crunchy tuna , it is to die for .","crunchy tuna","positive"
"Baluchi 's has solid food and a nice decor at reasonable prices .","food","positive"
"Baluchi 's has solid food and a nice decor at reasonable prices .","decor","positive"
"Baluchi 's has solid food and a nice decor at reasonable prices .","Baluchi 's","positive"
"Service here was great , food was fantastic .","Service","positive"
"Service here was great , food was fantastic .","food","positive"
"Great Shabu Shabu","Shabu Shabu","positive"
"An unpretentious spot in Park Slope , the sushi is consistently good , the service is pleasant , effective and unassuming .","spot","positive"
"An unpretentious spot in Park Slope , the sushi is consistently good , the service is pleasant , effective and unassuming .","sushi","positive"
"An unpretentious spot in Park Slope , the sushi is consistently good , the service is pleasant , effective and unassuming .","service","positive"
"An unpretentious spot in Park Slope , the sushi is consistently good , the service is pleasant , effective and unassuming .","service","positive"
"An unpretentious spot in Park Slope , the sushi is consistently good , the service is pleasant , effective and unassuming .","service","positive"
"In the summer months , the back garden area is really nice .","back garden area","positive"
"the all-u-can-eat sushi is definitely in very poor quality .","all-u-can-eat sushi","negative"
"I highly recommend the fish tacos , everything else was ok .","fish tacos","positive"
"It is definitely a good spot for snacks and chat .","spot","positive"
"I book a gorgeous white organza tent which included a four course prix fix menu which we enjoyed a lot .","four course prix fix menu","positive"
"I book a gorgeous white organza tent which included a four course prix fix menu which we enjoyed a lot .","white organza tent","positive"
"I would recommend Roxy 's for that , but not for their food .","food","negative"
"The mussles were the fishiest things I 've ever tasted , the seabass was bland , the goat cheese salad was missing the goat cheese , the penne w/ chicken had bones in it ... It was disgusting .","mussles","negative"
"The mussles were the fishiest things I 've ever tasted , the seabass was bland , the goat cheese salad was missing the goat cheese , the penne w/ chicken had bones in it ... It was disgusting .","seabass","negative"
"The mussles were the fishiest things I 've ever tasted , the seabass was bland , the goat cheese salad was missing the goat cheese , the penne w/ chicken had bones in it ... It was disgusting .","goat cheese salad","negative"
"The mussles were the fishiest things I 've ever tasted , the seabass was bland , the goat cheese salad was missing the goat cheese , the penne w/ chicken had bones in it ... It was disgusting .","penne w/ chicken","negative"
"Make sure you try this place as often as you can .","place","positive"
"I am not a vegetarian but , almost all the dishes were great .","dishes","positive"
"Great food and the prices are very reasonable .","food","positive"
"The wine list is extensive and impressive .","wine list","positive"
"The wine list is extensive and impressive .","wine list","positive"
"Wine list is extensive without being over-priced .","Wine list","positive"
"Wine list is extensive without being over-priced .","Wine list","positive"
"We recently decided to try this location , and to our delight , they have outdoor seating , perfect since I had my yorkie with me .","outdoor seating","positive"
"The food was ok and fair nothing to go crazy .","food","neutral"
"I also ordered the Change Mojito , which was out of this world .","Change Mojito","positive"
"( Always ask the bartender for the SEASONAL beer ! ! !","SEASONAL beer","positive"
"The meat is fresh , the sauces are great , you get kimchi and a salad free with your meal and service is good too .","meat","positive"
"The meat is fresh , the sauces are great , you get kimchi and a salad free with your meal and service is good too .","sauces","positive"
"The meat is fresh , the sauces are great , you get kimchi and a salad free with your meal and service is good too .","service","positive"
"The meat is fresh , the sauces are great , you get kimchi and a salad free with your meal and service is good too .","kimchi","positive"
"The meat is fresh , the sauces are great , you get kimchi and a salad free with your meal and service is good too .","salad","positive"
"The pizza was great .","pizza","positive"
"This is the best sushi in new york city - hands down .","sushi","positive"
"The food here is rather good , but only if you like to wait for it .","food","positive"
"Raymond the bartender rocks !","Raymond","positive"
"Too bad the food was n't of the same heritage .","food","negative"
"The staff offers impeccable service .","staff","positive"
"I had the Lamb special which was perfect .","Lamb special","positive"
"Waitstaff are very friendly .","Waitstaff","positive"
"The portion sizes here are huge , and the sushi is good .","portion sizes","positive"
"The portion sizes here are huge , and the sushi is good .","sushi","positive"
"Enjoyed a very nice Caesar Salad while my wife had arugula and goat cheese ... both very tasty .","Caesar Salad","positive"
"Enjoyed a very nice Caesar Salad while my wife had arugula and goat cheese ... both very tasty .","Caesar Salad","positive"
"Enjoyed a very nice Caesar Salad while my wife had arugula and goat cheese ... both very tasty .","arugula and goat cheese","positive"
"We concluded with tiramisu chocolate cake , both were delicious .","tiramisu chocolate cake","positive"
"The food 's as good as ever .","food","positive"
"The rest of the dim sum , though pricey by Chinatown standards , is worth it .","dim sum","negative"
"The rest of the dim sum , though pricey by Chinatown standards , is worth it .","dim sum","positive"
"Beef noodle soup is good as well .","Beef noodle soup","positive"
"cirspy crust margherita pizza","margherita pizza","positive"
"Great food , amazing service , this place is a class act .","food","positive"
"Great food , amazing service , this place is a class act .","service","positive"
"Great food , amazing service , this place is a class act .","place","positive"
"All the various Greek and Cypriot dishes are excellent , but the gyro is the reason to come -- if you do n't eat one your trip was wasted .","Greek and Cypriot dishes","positive"
"All the various Greek and Cypriot dishes are excellent , but the gyro is the reason to come -- if you do n't eat one your trip was wasted .","gyro","positive"
"Fresh ingredients and everything is made to order .","ingredients","positive"
"the pad se ew chicken was delicious , however the pad thai was far too oily .","pad se ew chicken","positive"
"the pad se ew chicken was delicious , however the pad thai was far too oily .","pad thai","negative"
"The Prix Fixe menu is worth every penny and you get more than enough ( both in quantity AND quality ) .","Prix Fixe menu","positive"
"The Prix Fixe menu is worth every penny and you get more than enough ( both in quantity AND quality ) .","Prix Fixe menu","positive"
"The Prix Fixe menu is worth every penny and you get more than enough ( both in quantity AND quality ) .","Prix Fixe menu","positive"
"It ’ s just you and your date and an occasional cute ‘ excuse me ’ before the waiter opens the little curtain to your booth !","waiter","positive"
"Somehow working the italian charm with constant mille grazie does not constitute proper service .","service","negative"
"Nice atmosphere , the service was very pleasant and the desert was good .","atmosphere","positive"
"Nice atmosphere , the service was very pleasant and the desert was good .","service","positive"
"Nice atmosphere , the service was very pleasant and the desert was good .","desert","positive"
"Nice Family owned traditional restaurant .","restaurant","positive"
"An awesome organic dog , and a conscious eco friendly establishment .","dog","positive"
"An awesome organic dog , and a conscious eco friendly establishment .","establishment","positive"
"I highly recommend this beautiful place .","place","positive"
"I highly recommend this beautiful place .","place","positive"
"Not much of a selection of bottled beer either , we went with Brahma .","selection of bottled beer","negative"
"however , it 's the service that leaves a bad taste in my mouth .","service","negative"
"This place has the best Chinese style BBQ ribs in the city .","BBQ ribs","positive"
"This place has the best Chinese style BBQ ribs in the city .","BBQ ribs","positive"
"This place survives on reputation alone .","place","negative"
"The decor is night tho ... but they REALLY need to clean that vent in the ceiling ... its quite un-appetizing , and kills your effort to make this place look sleek and modern .","ceiling","negative"
"The decor is night tho ... but they REALLY need to clean that vent in the ceiling ... its quite un-appetizing , and kills your effort to make this place look sleek and modern .","vent","negative"
"The waiter was attentive , the food was delicious and the views of the city were great .","waiter","positive"
"The waiter was attentive , the food was delicious and the views of the city were great .","food","positive"
"The waiter was attentive , the food was delicious and the views of the city were great .","views of the city","positive"
"Ambience is delightful , service impeccable .","Ambience","positive"
"Ambience is delightful , service impeccable .","service","positive"
"The only thing that strikes you is the decor ? ( not very pleasant ) .","decor","negative"
"Delicate spices , onions , eggs and a kick-ass roti .","spices","positive"
"Delicate spices , onions , eggs and a kick-ass roti .","onions","positive"
"Delicate spices , onions , eggs and a kick-ass roti .","eggs","positive"
"Delicate spices , onions , eggs and a kick-ass roti .","roti","positive"
"The food was delicious ( I had a halibut special , my husband had steak ) , and the service was top-notch .","food","positive"
"The food was delicious ( I had a halibut special , my husband had steak ) , and the service was top-notch .","halibut special","positive"
"The food was delicious ( I had a halibut special , my husband had steak ) , and the service was top-notch .","steak","positive"
"The food was delicious ( I had a halibut special , my husband had steak ) , and the service was top-notch .","service","positive"
"The wait staff is very freindly , they make it feel like you 're eating in a freindly little european town .","wait staff","positive"
"I have been to Rao 's probably 15 times the past 3 years and it keeps getting better .","Rao 's","positive"
"Bukhara Grill , the tagline says it all . . `` INDIAN SPICE RAVE ``","Bukhara Grill","positive"
"The atmosphere was pretty nice but had a bit lacking , which it tries to make up for with a crazy scheme of mirrors .","atmosphere","negative"
"The atmosphere was pretty nice but had a bit lacking , which it tries to make up for with a crazy scheme of mirrors .","scheme of mirrors","negative"
"It was served with skin , over a bed of extremely undercooked spinach and mashed potatoes .","spinach","negative"
"This place has totally weird decor , stairs going up with mirrored walls - I am surprised how no one yet broke their head or fall off the stairs - mirrored walls make you dizzy and delusional ...","decor","negative"
"This place has totally weird decor , stairs going up with mirrored walls - I am surprised how no one yet broke their head or fall off the stairs - mirrored walls make you dizzy and delusional ...","mirrored walls","negative"
"This place has totally weird decor , stairs going up with mirrored walls - I am surprised how no one yet broke their head or fall off the stairs - mirrored walls make you dizzy and delusional ...","mirrored walls","negative"
"The food is amazing , rich pastas and fresh doughy pizza .","food","positive"
"The food is amazing , rich pastas and fresh doughy pizza .","pastas","positive"
"The food is amazing , rich pastas and fresh doughy pizza .","pizza","positive"
"limited menu , no-so-fresh ingredients , thinly-sliced fish , fall-apart rice .","menu","negative"
"limited menu , no-so-fresh ingredients , thinly-sliced fish , fall-apart rice .","ingredients","negative"
"limited menu , no-so-fresh ingredients , thinly-sliced fish , fall-apart rice .","fish","negative"
"limited menu , no-so-fresh ingredients , thinly-sliced fish , fall-apart rice .","rice","negative"
"I like the somosas , chai , and the chole , but the dhosas and dhal were kinda dissapointing .","somosas","positive"
"I like the somosas , chai , and the chole , but the dhosas and dhal were kinda dissapointing .","chai","positive"
"I like the somosas , chai , and the chole , but the dhosas and dhal were kinda dissapointing .","chole","positive"
"I like the somosas , chai , and the chole , but the dhosas and dhal were kinda dissapointing .","dhosas","negative"
"I like the somosas , chai , and the chole , but the dhosas and dhal were kinda dissapointing .","dhal","negative"
"Food is great .","Food","positive"
"The hot dogs are good , yes , but the reason to get over here is the fantastic pork croquette sandwich , perfect on its supermarket squishy bun .","hot dogs","positive"
"The hot dogs are good , yes , but the reason to get over here is the fantastic pork croquette sandwich , perfect on its supermarket squishy bun .","pork croquette sandwich","positive"
"The hot dogs are good , yes , but the reason to get over here is the fantastic pork croquette sandwich , perfect on its supermarket squishy bun .","bun","positive"
"Great Indian Food !","Indian Food","positive"
"Always good drinks and service is pretty good ;","drinks","positive"
"Always good drinks and service is pretty good ;","service","positive"
"The food is amazing ... especially if you get the Chef 's tasting menu and your favourite bottle ( or two ! ) of wine from an extensive selection of wines .","food","positive"
"The food is amazing ... especially if you get the Chef 's tasting menu and your favourite bottle ( or two ! ) of wine from an extensive selection of wines .","selection of wines","positive"
"The food is amazing ... especially if you get the Chef 's tasting menu and your favourite bottle ( or two ! ) of wine from an extensive selection of wines .","Chef 's tasting menu","positive"
"Someone else recommended the dessert - we also left that .","dessert","negative"
"Indoor was very cozy and cute .","Indoor","positive"
"Indoor was very cozy and cute .","Indoor","positive"
"Salads are a delicious way to begin the meal .","Salads","positive"
"This place has ruined me for neighborhood sushi .","sushi","positive"
"The large selection of bruschettas , paninis , tramezzinis keep the palate from stagnating .","bruschettas","positive"
"The large selection of bruschettas , paninis , tramezzinis keep the palate from stagnating .","paninis","positive"
"The large selection of bruschettas , paninis , tramezzinis keep the palate from stagnating .","tramezzinis","positive"
"We ordered the special , grilled branzino , that was so infused with bone , it was difficult to eat .","grilled branzino","negative"
"The veal and the mushrooms were cooked perfectly .","veal","positive"
"The veal and the mushrooms were cooked perfectly .","mushrooms","positive"
"My friend devoured her chicken and mashed potatos .","chicken and mashed potatos","positive"
"The food is all shared so we get to order together and eat together .","food","positive"
"And really large portions .","portions","positive"
"Wish NY had more of these kind of places : intimate , superb food , homey , top notch all the way around , certainly worth the wait .","food","positive"
"The whole set up is truly unprofessional and I wish Cafe Noir would get some good staff , because despite the current one this is a great place .","staff","negative"
"The whole set up is truly unprofessional and I wish Cafe Noir would get some good staff , because despite the current one this is a great place .","Cafe Noir","positive"
"Seating is always prompt , though the restaurant does fill up in the evening .","Seating","positive"
"The DJ is awesome , I have been there for my birthday and a bunch of other times with friends and I keep going back .","DJ","positive"
"The anti-pasta was excellent , especially the calamari , as were the filling pasta mains .","anti-pasta","positive"
"The anti-pasta was excellent , especially the calamari , as were the filling pasta mains .","calamari","positive"
"The anti-pasta was excellent , especially the calamari , as were the filling pasta mains .","pasta mains","positive"
"The anti-pasta was excellent , especially the calamari , as were the filling pasta mains .","pasta mains","positive"
"love the food .","food","positive"
"Not only is the cuisine the best around , the service has always been attentive and charming .","cuisine","positive"
"Not only is the cuisine the best around , the service has always been attentive and charming .","service","positive"
"Not only is the cuisine the best around , the service has always been attentive and charming .","service","positive"
"If you are the type of person who likes being scared and entertained , this is a great place to go and eat .","place","positive"
"Ambiance relaxed and stylish .","Ambiance","positive"
"Ambiance relaxed and stylish .","Ambiance","positive"
"I highly recommend visiting this restaurant and having dinner and drinks !","restaurant","positive"
"Just go to Yamato and order the Red Dragon Roll .","Yamato","positive"
"The pasta was well cooked , did n't have enough sauce though or flavor .","pasta","positive"
"The pasta was well cooked , did n't have enough sauce though or flavor .","pasta","negative"
"The wine the service was very good too .","wine","positive"
"The wine the service was very good too .","service","positive"
"Suan is a great place that I often take my friends ( classmates ) too .","Suan","positive"
"By far the best salad I have had in a fast food restaurant .","salad","positive"
"Ambience is so cute and quaint , good for business although we were there on vacation .","Ambience","positive"
"Ambience is so cute and quaint , good for business although we were there on vacation .","Ambience","positive"
"Ambience is so cute and quaint , good for business although we were there on vacation .","Ambience","positive"
"Food is great and inexpensive .","Food","positive"
"Food is great and inexpensive .","Food","positive"
"Awsome Pizza especially the Margheritta slice .","Pizza","positive"
"Awsome Pizza especially the Margheritta slice .","Margheritta slice","positive"
"( The asparagus , truffle oil , parmesan bruschetta is a winner ! )","asparagus , truffle oil , parmesan bruschetta","positive"
"Considering you will spend at least $ 60 a head , I expect better service .","service","negative"
"If you want good authentic Thai this place is not the place to go .","Thai","negative"
"During the course of the past 3 months , the chef and staff changed and it was not for the better .","chef","negative"
"During the course of the past 3 months , the chef and staff changed and it was not for the better .","staff","negative"
"Try the congee and the donut like deep fried dough they call Ow Ley Soh , a delicious and sweet tasting bread .","congee","positive"
"Try the congee and the donut like deep fried dough they call Ow Ley Soh , a delicious and sweet tasting bread .","Ow Ley Soh","positive"
"Try the congee and the donut like deep fried dough they call Ow Ley Soh , a delicious and sweet tasting bread .","Ow Ley Soh","positive"
"We could have made a meal of the yummy dumplings from the dumpling menu .","dumplings","positive"
"The setting is casual and romantic .","setting","positive"
"The setting is casual and romantic .","setting","positive"
"The sushi seemed pretty fresh and was adequately proportioned .","sushi","positive"
"The sushi seemed pretty fresh and was adequately proportioned .","sushi","positive"
"Great neighborhood joint .","joint","positive"
"Food was amazing - I love Indian food and eat it quite regularly , but I can say this is one of the best I 've had .","Food","positive"
"Though it 's been crowded most times I 've gone here , Bark always delivers on their food .","food","positive"
"Though it 's been crowded most times I 've gone here , Bark always delivers on their food .","Bark","neutral"
"It was n't as if this restaurant had any major bragging points before hand , but now it 's simply repulsive .","restaurant","negative"
"Look , the appetizers were really good .","appetizers","positive"
"Spreads and toppings are great - though a bit pricey .","Spreads","positive"
"Spreads and toppings are great - though a bit pricey .","toppings","positive"
"Spreads and toppings are great - though a bit pricey .","Spreads","negative"
"Spreads and toppings are great - though a bit pricey .","toppings","negative"
"I 'm still mad that i had to pay for lousy food .","food","negative"
"Right off the L in Brooklyn this is a nice cozy place with good pizza .","pizza","positive"
"Right off the L in Brooklyn this is a nice cozy place with good pizza .","place","positive"
"A beautifully designed dreamy Egyptian restaurant that gets sceney at night .","Egyptian restaurant","positive"
"Cheese plate is a varied delight and great bargain at $ 10 .","Cheese plate","positive"
"Cheese plate is a varied delight and great bargain at $ 10 .","Cheese plate","positive"
"Cheese plate is a varied delight and great bargain at $ 10 .","Cheese plate","positive"
"I was there for brunch recently , and we were tag teamed by a waitress and a waiter .","waitress","negative"
"I was there for brunch recently , and we were tag teamed by a waitress and a waiter .","waiter","negative"
"As BFC does n't take reservations you almost always have to wait by the bar - and be abused by the front of house staff until you are seated , which can be over an hour later !","BFC","negative"
"As BFC does n't take reservations you almost always have to wait by the bar - and be abused by the front of house staff until you are seated , which can be over an hour later !","front of house staff","negative"
"Great spot , whether looking for a couple of drinks or quiet dinner .","spot","positive"
"Great spot , whether looking for a couple of drinks or quiet dinner .","spot","positive"
"The drinks are great , especially when made by Raymond .","drinks","positive"
"The drinks are great , especially when made by Raymond .","Raymond","positive"
"The dishes offered were unique , very tasty and fresh from the lamb sausages , sardines with biscuits , large whole shrimp to the amazing pistachio ice cream ( the best and freshest I 've ever had ) .","dishes","positive"
"The dishes offered were unique , very tasty and fresh from the lamb sausages , sardines with biscuits , large whole shrimp to the amazing pistachio ice cream ( the best and freshest I 've ever had ) .","dishes","positive"
"The dishes offered were unique , very tasty and fresh from the lamb sausages , sardines with biscuits , large whole shrimp to the amazing pistachio ice cream ( the best and freshest I 've ever had ) .","dishes","positive"
"The dishes offered were unique , very tasty and fresh from the lamb sausages , sardines with biscuits , large whole shrimp to the amazing pistachio ice cream ( the best and freshest I 've ever had ) .","pistachio ice cream","positive"
"The food is great and they have a good selection of wines at reasonable prices .","food","positive"
"The food is great and they have a good selection of wines at reasonable prices .","wines","positive"
"The food is great and they have a good selection of wines at reasonable prices .","wines","positive"
"Thank You Emilio .","Emilio","positive"
"The waitress was very patient with us and the food is phenomenal !","waitress","positive"
"The waitress was very patient with us and the food is phenomenal !","food","positive"
"Great pizza for lunch place .","pizza","positive"
"food was luke warm .","food","negative"
"The food they serve is not comforting , not appetizing and uncooked .","food","negative"
"The food they serve is not comforting , not appetizing and uncooked .","food","negative"
"The entertainment was great they have shows that go on through out the dinner .","entertainment","positive"
"Check out the secret back room .","back room","positive"
"The lox is always fresh too .","lox","positive"
"This is a great place to take out-of-towners , and perfect for watching the sunset .","place","positive"
"I expected quite a bit more from such an expensive menu .","menu","negative"
"I expected quite a bit more from such an expensive menu .","menu","negative"
"the salads are delicious , both refreshing and very spicy .","salads","positive"
"the salads are delicious , both refreshing and very spicy .","salads","positive"
"the salads are delicious , both refreshing and very spicy .","salads","positive"
"The place was quiet and delightful .","place","positive"
"The place was quiet and delightful .","place","positive"
"Still , any quibbles about the bill were off-set by the pour-your-own measures of liquers which were courtesey of the house ...","measures of liquers","positive"
"Still , any quibbles about the bill were off-set by the pour-your-own measures of liquers which were courtesey of the house ...","measures of liquers","positive"
"Indo Chinese food , pretty good ...","Indo Chinese food","positive"
"even the wine by the glass was good .","wine by the glass","positive"
"The place has a nice fit-out , some attractive furnishings and , from what I could tell , a reasonable wine list ( I was given the food menu when I asked for the carte des vins )","fit-out","positive"
"The place has a nice fit-out , some attractive furnishings and , from what I could tell , a reasonable wine list ( I was given the food menu when I asked for the carte des vins )","furnishings","positive"
"The place has a nice fit-out , some attractive furnishings and , from what I could tell , a reasonable wine list ( I was given the food menu when I asked for the carte des vins )","wine list","positive"
"This place has got to be the best japanese restaurant in the new york area .","place","positive"
"Rao is a good restaurant , but it 's nothing special .","Rao","neutral"
"The only fallback on this restaurant is the prices .","restaurant","negative"
"The portions are small but being that the food was so good makes up for that .","portions","negative"
"The portions are small but being that the food was so good makes up for that .","food","positive"
"The only thing that my friend left out is that when we sat down at the bar the bartender disappeared .","bartender","negative"
"The food is so cheap and the waiters are nice .","food","positive"
"The food is so cheap and the waiters are nice .","waiters","positive"
"With the exception of our lemon salad that had so much pepper on it that our eyes started watering , the food here was decent , not great .","food","neutral"
"With the exception of our lemon salad that had so much pepper on it that our eyes started watering , the food here was decent , not great .","food","negative"
"With the exception of our lemon salad that had so much pepper on it that our eyes started watering , the food here was decent , not great .","lemon salad","negative"
"The service was extremely fast and attentive ( thanks to the service button on your table ) but I barely understood 1 word when the waiter took our order .","service","positive"
"The service was extremely fast and attentive ( thanks to the service button on your table ) but I barely understood 1 word when the waiter took our order .","service","positive"
"The service was extremely fast and attentive ( thanks to the service button on your table ) but I barely understood 1 word when the waiter took our order .","service button","positive"
"The service was extremely fast and attentive ( thanks to the service button on your table ) but I barely understood 1 word when the waiter took our order .","waiter","negative"
"My quesadilla tasted like it had been made by a three-year old with no sense of proportion or flavor .","quesadilla","negative"
"My quesadilla tasted like it had been made by a three-year old with no sense of proportion or flavor .","quesadilla","negative"
"The boths are not as small as some of the reviews make them out to look they 're perfect for 2 people .","boths","positive"
"One would think we 'd get an apology or complimentary drinks - instead , we got a snobby waiter would n't even take our order for 15 minutes and gave us lip when we asked him to do so .","waiter","negative"
"I 've never had bad service and the fish is fresh and delicious .","service","positive"
"I 've never had bad service and the fish is fresh and delicious .","fish","positive"
"I 've never had bad service and the fish is fresh and delicious .","fish","positive"
"There 's another girl who I ca n't describe , she is about 5 ' 6 `` with brown hair , who eavesdrops on your conversation and chimes in - except she only hears the last part of what you said , so her uninvited opinions are often out of context and nothing to do with what you 're *really * talking about .","girl","negative"
"Fabulous decor - makes you feel like you 're in a trendy Manhattan restaurant , very very good food , cheaply-priced , generally friendly staff , and if you 're a Manhattanite , or spend most of your time in Manhattan , Rice Avenue will make you feel at home ... ..very Soho /Village /Upper West Side minus the expensive prices and pretentious clientele ... ..all on Roosevelt Avenue !","decor","positive"
"Fabulous decor - makes you feel like you 're in a trendy Manhattan restaurant , very very good food , cheaply-priced , generally friendly staff , and if you 're a Manhattanite , or spend most of your time in Manhattan , Rice Avenue will make you feel at home ... ..very Soho /Village /Upper West Side minus the expensive prices and pretentious clientele ... ..all on Roosevelt Avenue !","food","positive"
"Fabulous decor - makes you feel like you 're in a trendy Manhattan restaurant , very very good food , cheaply-priced , generally friendly staff , and if you 're a Manhattanite , or spend most of your time in Manhattan , Rice Avenue will make you feel at home ... ..very Soho /Village /Upper West Side minus the expensive prices and pretentious clientele ... ..all on Roosevelt Avenue !","food","positive"
"Fabulous decor - makes you feel like you 're in a trendy Manhattan restaurant , very very good food , cheaply-priced , generally friendly staff , and if you 're a Manhattanite , or spend most of your time in Manhattan , Rice Avenue will make you feel at home ... ..very Soho /Village /Upper West Side minus the expensive prices and pretentious clientele ... ..all on Roosevelt Avenue !","staff","positive"
"Fabulous decor - makes you feel like you 're in a trendy Manhattan restaurant , very very good food , cheaply-priced , generally friendly staff , and if you 're a Manhattanite , or spend most of your time in Manhattan , Rice Avenue will make you feel at home ... ..very Soho /Village /Upper West Side minus the expensive prices and pretentious clientele ... ..all on Roosevelt Avenue !","Rice Avenue","positive"
"Fabulous decor - makes you feel like you 're in a trendy Manhattan restaurant , very very good food , cheaply-priced , generally friendly staff , and if you 're a Manhattanite , or spend most of your time in Manhattan , Rice Avenue will make you feel at home ... ..very Soho /Village /Upper West Side minus the expensive prices and pretentious clientele ... ..all on Roosevelt Avenue !","Rice Avenue","positive"
"Fabulous decor - makes you feel like you 're in a trendy Manhattan restaurant , very very good food , cheaply-priced , generally friendly staff , and if you 're a Manhattanite , or spend most of your time in Manhattan , Rice Avenue will make you feel at home ... ..very Soho /Village /Upper West Side minus the expensive prices and pretentious clientele ... ..all on Roosevelt Avenue !","Rice Avenue","positive"
"Great food , great decor , great service .","food","positive"
"Great food , great decor , great service .","decor","positive"
"Great food , great decor , great service .","service","positive"
"THIS STAFF SHOULD BE FIRED .","STAFF","negative"
"When I lived upstate for a while I would buy freeze the bagels and they would still be better than any else .","bagels","positive"
"Excellent dumplings served amid clean , chic decor .","dumplings","positive"
"Excellent dumplings served amid clean , chic decor .","decor","positive"
"Excellent dumplings served amid clean , chic decor .","decor","positive"
"Their bagels are fine , but they are a little overcooked , and not really a 'special ' bagel experience .","bagels","negative"
"Their bagels are fine , but they are a little overcooked , and not really a 'special ' bagel experience .","bagels","negative"
"Ravioli was good ... but I have to say that I found everything a bit overpriced .","Ravioli","positive"
"I think the pizza is so overrated and was under cooked .","pizza","negative"
"Went on a 3 day oyster binge , with Fish bringing up the closing , and I am so glad this was the place it O trip ended , because it was so great !","oyster binge","positive"
"The place is a bit hidden away , but once you get there , it 's all worth it .","place","neutral"
"The place is a bit hidden away , but once you get there , it 's all worth it .","place","positive"
"This is the perfect spot for meeting friends , having lunch , dinner , pre-theatre or after-theatre drinks !","spot","positive"
"I came across Village Underground by accident , now I go there all the time .","Village Underground","positive"
"Rude service , medicore food ... there are tons of restaurants in NY ... stay away from this one","service","negative"
"Rude service , medicore food ... there are tons of restaurants in NY ... stay away from this one","food","neutral"
"I took one bite from the $ 24 salmon , and I have never , in the 17 years I have been going to restaurants tasted salmon as fishy , as dry , and as bland as the one in Flatbush Farms .","salmon","negative"
"I took one bite from the $ 24 salmon , and I have never , in the 17 years I have been going to restaurants tasted salmon as fishy , as dry , and as bland as the one in Flatbush Farms .","salmon","negative"
"I took one bite from the $ 24 salmon , and I have never , in the 17 years I have been going to restaurants tasted salmon as fishy , as dry , and as bland as the one in Flatbush Farms .","salmon","negative"
"I took one bite from the $ 24 salmon , and I have never , in the 17 years I have been going to restaurants tasted salmon as fishy , as dry , and as bland as the one in Flatbush Farms .","salmon","negative"
"Not impressed with the food .","food","negative"
"The pasta penne was pretty extra buttery , creamy which means a big task to diggest . . tasty at first but i would say that i was full with a slice of pizza and 7 to count , penne ... got a little moody afterwards cause was stuffed ... lol","pasta penne","negative"
"The pasta penne was pretty extra buttery , creamy which means a big task to diggest . . tasty at first but i would say that i was full with a slice of pizza and 7 to count , penne ... got a little moody afterwards cause was stuffed ... lol","pasta penne","negative"
"great food","food","positive"
"Saul is the best restaurant on Smith Street and in Brooklyn .","Saul","positive"
"First went here to enjoy their garden terrace .","garden terrace","positive"
"I / we will never go back to this place again .","place","negative"
"sometimes i get good food and ok service .","food","positive"
"sometimes i get good food and ok service .","service","neutral"
"Everything was wonderful ; food , drinks , staff , mileau .","food","positive"
"Everything was wonderful ; food , drinks , staff , mileau .","drinks","positive"
"Everything was wonderful ; food , drinks , staff , mileau .","staff","positive"
"Everything was wonderful ; food , drinks , staff , mileau .","mileau","positive"
"Everything is always cooked to perfection , the service is excellent , the decor cool and understated .","service","positive"
"Everything is always cooked to perfection , the service is excellent , the decor cool and understated .","decor","positive"
"Everything is always cooked to perfection , the service is excellent , the decor cool and understated .","decor","positive"
"delicious simple food in nice outdoor atmosphere .","food","positive"
"delicious simple food in nice outdoor atmosphere .","food","positive"
"delicious simple food in nice outdoor atmosphere .","outdoor atmosphere","positive"
"We thought that this place is using too much of MSG cooking in the foods .","foods","negative"
"As a retired hipster , I can say with some degree of certainty that for the last year Lucky Strike has been the best laid-back late night in the city .","Lucky Strike","positive"
"The service varys from day to day- sometimes they 're very nice , and sometimes not .","service","negative"
"This place has the the correct ambience and an excellent staff to make you feel like a guest and a friend at the same time .","ambience","positive"
"This place has the the correct ambience and an excellent staff to make you feel like a guest and a friend at the same time .","staff","positive"
"The food was bland oily .","food","negative"
"Simply some good tasting Chinese food at incredible prices ...","Chinese food","positive"
"Simply some good tasting Chinese food at incredible prices ...","Chinese food","positive"
"My mom originally introduced me to this place , but even she ( being Indian ) feels the food can be somewhat over the top spicy and far too oily .","food","negative"
"Great service , great food .","service","positive"
"Great service , great food .","food","positive"
"Warm and friendly in the winter and terrific outdoor seating in the warmer months .","outdoor seating","positive"
"Service friendly and attentive .","Service","positive"
"Service friendly and attentive .","Service","positive"
"To be completely fair , the only redeeming factor was the food , which was above average , but could n't make up for all the other deficiencies of Teodora .","food","positive"
"To be completely fair , the only redeeming factor was the food , which was above average , but could n't make up for all the other deficiencies of Teodora .","Teodora","negative"
"The food arrived 20 minutes after I called , cold and soggy .","food","negative"
"The food arrived 20 minutes after I called , cold and soggy .","food","negative"
"The staff was the friendliest that have seen in New York .","staff","positive"
"The fish was not fresh and the rice tasted old and stale .","fish","negative"
"The fish was not fresh and the rice tasted old and stale .","rice","negative"
"The fish was not fresh and the rice tasted old and stale .","rice","negative"
"Great Hot Dogs !","Hot Dogs","positive"
"Food was okay , nothing great .","Food","neutral"
"Food was okay , nothing great .","Food","neutral"
"Even though the place is not beautiful , the food speaks for itself .","place","negative"
"Even though the place is not beautiful , the food speaks for itself .","food","positive"
"My wife and I ate here earlier this week and have not stopped ranting and raving about the food .","food","positive"
"The wine list is also really nice .","wine list","positive"
"This is a wonderful place on all stand points especially value ofr money .","place","positive"
"This is a wonderful place on all stand points especially value ofr money .","place","positive"
"Great wine selection , Gigondas is worth the price , and the house champagne is a great value .","wine selection","positive"
"Great wine selection , Gigondas is worth the price , and the house champagne is a great value .","Gigondas","positive"
"Great wine selection , Gigondas is worth the price , and the house champagne is a great value .","house champagne","positive"
"The service was spectacular as the waiter knew everything about the menu and his recommendations were amazing !","service","positive"
"The service was spectacular as the waiter knew everything about the menu and his recommendations were amazing !","waiter","positive"
"I have been coming here for years and have nothing but good things to say about the service and the great staff at La Lanterna .","service","positive"
"I have been coming here for years and have nothing but good things to say about the service and the great staff at La Lanterna .","staff","positive"
"Excellent food for great prices","food","positive"
"Excellent food for great prices","food","positive"
"The food tasted very good .","food","positive"
"The wait staff is very courteous and accomodating .","wait staff","positive"
"This place is so much fun .","place","positive"
"With so many good restaurants on the UWS , I do n't need overpriced food , absurdly arrogant wait-staff who do n't recognize they work at a glorified diner , clumsy service , and management that does n't care .","food","negative"
"With so many good restaurants on the UWS , I do n't need overpriced food , absurdly arrogant wait-staff who do n't recognize they work at a glorified diner , clumsy service , and management that does n't care .","wait-staff","negative"
"With so many good restaurants on the UWS , I do n't need overpriced food , absurdly arrogant wait-staff who do n't recognize they work at a glorified diner , clumsy service , and management that does n't care .","service","negative"
"With so many good restaurants on the UWS , I do n't need overpriced food , absurdly arrogant wait-staff who do n't recognize they work at a glorified diner , clumsy service , and management that does n't care .","management","negative"
"So , I switch with my boyfriend again to see if maybe I could stomach the meat and spinach again , but the spinach was so undercooked that I just could not bite through it .","spinach","negative"
"Not the typical NYC gimmick theme restaurant .","restaurant","positive"
"the hot dogs were juicy and tender inside and had plenty of crunch and snap on the outside .","hot dogs","positive"
"After really enjoying ourselves at the bar we sat down at a table and had dinner .","bar","positive"
"Also , the sandwiches ( nearing $ 7 ) did n't come with anything like chips or a side .","sandwiches","negative"
"Also , the sandwiches ( nearing $ 7 ) did n't come with anything like chips or a side .","sandwiches","negative"
"Reliable , Fresh Sushi","Sushi","positive"
"Everyone raved about the atmosphere ( elegant rooms and absolutely incomparable views ) and the fabulous food !","atmosphere","positive"
"Everyone raved about the atmosphere ( elegant rooms and absolutely incomparable views ) and the fabulous food !","rooms","positive"
"Everyone raved about the atmosphere ( elegant rooms and absolutely incomparable views ) and the fabulous food !","views","positive"
"Everyone raved about the atmosphere ( elegant rooms and absolutely incomparable views ) and the fabulous food !","food","positive"
"A restaurant that does n't try to do anything except serve great food with great service in a pleasant atmosphere .","food","positive"
"A restaurant that does n't try to do anything except serve great food with great service in a pleasant atmosphere .","service","positive"
"A restaurant that does n't try to do anything except serve great food with great service in a pleasant atmosphere .","atmosphere","positive"
"I recently went to this restaurant with some co-workers for lunch and had an amazing time .","restaurant","positive"
"Atmosphere is nice and relaxed too ...","Atmosphere","positive"
"Atmosphere is nice and relaxed too ...","Atmosphere","positive"
"Best Reuben sandwich ever !","Reuben sandwich","positive"
"The service was friendly and the atmosphere was casual .","service","positive"
"The service was friendly and the atmosphere was casual .","atmosphere","neutral"
"Paul , the maitre d ' , was totally professional and always on top of things .","Paul","positive"
"Overall the food quality was pretty good , though I hear the salmon is much better when it has n't sat cooling in front of the guest .","food","positive"
"Tasty Dog !","Dog","positive"
"Problem is nothing at Prune is particularly memorable .","Prune","negative"
"the turkey burgers are scary !","turkey burgers","negative"
"The porcini mushroom pasta special was tasteless , so was the seafood tagliatelle .","porcini mushroom pasta special","negative"
"The porcini mushroom pasta special was tasteless , so was the seafood tagliatelle .","seafood tagliatelle","negative"
"We took advanatage of the half price sushi deal on saturday so it was well worth it .","half price sushi deal","positive"
"The restaurant looks out over beautiful green lawns to the Hudson River and the Statue of Liberty .","restaurant","positive"
"Even if the food was n't this good , the garden is a great place to sit outside and relax .","garden","positive"
"Even if the food was n't this good , the garden is a great place to sit outside and relax .","food","positive"
"The hostess was rude and I got a distinct feeling that they did not want to serve us .","hostess","negative"
"My daughter 's wedding reception at Water 's Edge received the highest compliments from our guests .","Water 's Edge","positive"
"Add to that great service and great food at a reasonable price and you have yourself the beginning of a great evening .","service","positive"
"Add to that great service and great food at a reasonable price and you have yourself the beginning of a great evening .","food","positive"
"Add to that great service and great food at a reasonable price and you have yourself the beginning of a great evening .","food","positive"
"Delicious crab cakes too .","crab cakes","positive"
"The food is good , especially their more basic dishes , and the drinks are delicious .","food","positive"
"The food is good , especially their more basic dishes , and the drinks are delicious .","basic dishes","positive"
"The food is good , especially their more basic dishes , and the drinks are delicious .","drinks","positive"
"Service was also horrible and the ambience is not that great .","Service","negative"
"Service was also horrible and the ambience is not that great .","ambience","negative"
"But if you 're prepared to spend some $ and remember to ask if something they offer is complimentary , then this is the place to go for Indian food","Indian food","positive"
"But if you 're prepared to spend some $ and remember to ask if something they offer is complimentary , then this is the place to go for Indian food","place","positive"
"The only problem is that the manager is a complete incompetent .","manager","negative"
"Went here last night - nice decor , good service , but the food was surprisingly excellent .","decor","positive"
"Went here last night - nice decor , good service , but the food was surprisingly excellent .","service","positive"
"Went here last night - nice decor , good service , but the food was surprisingly excellent .","food","positive"
"While finishing our meals which included a high-end bottle of wine , our son 's fiance joined us for a glass of wine and dessert .","bottle of wine","positive"
"I tried a couple other dishes but was n't too impressed .","dishes","neutral"
"Great place to relax and enjoy your dinner","place","positive"
"Good creative rolls !","rolls","positive"
"Good creative rolls !","rolls","positive"
"Delivery guy sometimes get upset if you do n't tip more than 10 % .","Delivery guy","negative"
"A different server enhanced the fun , dumping our entrees in front of us halfway through our appetizer ( which was delicious ) .","server","negative"
"A different server enhanced the fun , dumping our entrees in front of us halfway through our appetizer ( which was delicious ) .","appetizer","positive"
"Most of the servers are very attentive , friendly and quite attractive .","servers","positive"
"Most of the servers are very attentive , friendly and quite attractive .","servers","positive"
"Most of the servers are very attentive , friendly and quite attractive .","servers","positive"
"it 's the only place you can get yummy authentic japanese comfort food .","japanese comfort food","positive"
"Love YUKA .","YUKA","positive"
"Over all the looks of the place exceeds the actual meals .","looks","positive"
"You ca n't go wrong with this place .","place","positive"
"i 've been to sapphire twice and both times the food was fine , if not good .","food","positive"
"They are extremely rude , not even apologizing for the horrible service we got and handing us a bill well over $ 500 for some drinks adn their pita bread !","service","negative"
"They are extremely rude , not even apologizing for the horrible service we got and handing us a bill well over $ 500 for some drinks adn their pita bread !","drinks","negative"
"They are extremely rude , not even apologizing for the horrible service we got and handing us a bill well over $ 500 for some drinks adn their pita bread !","pita bread","negative"
"I loved everythig about it-especially the shows and actors .","shows","positive"
"I loved everythig about it-especially the shows and actors .","actors","positive"
"I highly recommend to anyone to give this place a try .","place","positive"
"This is a fun restaurant to go to .","restaurant","positive"
"The service was excellent - friendly and attentive .","service","positive"
"The service was excellent - friendly and attentive .","service","positive"
"The service was excellent - friendly and attentive .","service","positive"
"We have been to this place many times , and always have great food , wine , and service .","food","positive"
"We have been to this place many times , and always have great food , wine , and service .","wine","positive"
"We have been to this place many times , and always have great food , wine , and service .","service","positive"
"Not one of our meals was edible - bland and/or made with weird rosemary or orange flavoring .","meals","negative"
"Not one of our meals was edible - bland and/or made with weird rosemary or orange flavoring .","rosemary or orange flavoring","negative"
"This place is not inviting and the food is totally weird .","place","negative"
"This place is not inviting and the food is totally weird .","food","negative"
"Their tuna tartar appetizer is to die for .","tuna tartar appetizer","positive"
"Not enough wines by the glass either .","wines by the glass","negative"
"The seats are uncomfortable if you are sitting against the wall on wooden benches .","seats","negative"
"The ambience is pretty and nice for conversation , so a casual lunch here would probably be best .","ambience","positive"
"The ambience is pretty and nice for conversation , so a casual lunch here would probably be best .","ambience","positive"
"For desserts , we tried the frozen black sesame mousse ( interesting but not extraordinary ) and matcha ( powdered green tea ) and blueberry cheesecake , which was phenomenal .","frozen black sesame mousse","neutral"
"For desserts , we tried the frozen black sesame mousse ( interesting but not extraordinary ) and matcha ( powdered green tea ) and blueberry cheesecake , which was phenomenal .","frozen black sesame mousse","neutral"
"For desserts , we tried the frozen black sesame mousse ( interesting but not extraordinary ) and matcha ( powdered green tea ) and blueberry cheesecake , which was phenomenal .","matcha ( powdered green tea ) and blueberry cheesecake","positive"
"Drawbacks : service is slow and they do n't toast !","service","negative"
"I asked for an open faced cheese sandwich and the manager basically told me to take my business elsewhere !","manager","negative"
"THE SERVICE IS AMAZING , i 've had different waiters and they were all nice , which is a rare thing in NYC .","SERVICE","positive"
"THE SERVICE IS AMAZING , i 've had different waiters and they were all nice , which is a rare thing in NYC .","waiters","positive"
"The food was well prepared and the service impecable .","food","positive"
"The food was well prepared and the service impecable .","service","positive"
"The food is outstanding and the service is quick , friendly and very professional .","food","positive"
"The food is outstanding and the service is quick , friendly and very professional .","service","positive"
"The food is outstanding and the service is quick , friendly and very professional .","service","positive"
"The food is outstanding and the service is quick , friendly and very professional .","service","positive"
"Best Indian Restaurant in the City","Indian Restaurant","positive"
"From the spectacular caviar to the hospitable waitstaff , I felt like royalty and enjoyed every second of it .","caviar","positive"
"From the spectacular caviar to the hospitable waitstaff , I felt like royalty and enjoyed every second of it .","caviar","positive"
"From the spectacular caviar to the hospitable waitstaff , I felt like royalty and enjoyed every second of it .","waitstaff","positive"
"From the spectacular caviar to the hospitable waitstaff , I felt like royalty and enjoyed every second of it .","waitstaff","positive"
"I agree that dining at Casa La Femme is like no other dining experience !","Casa La Femme","negative"
"Best Indian Chinese in the city , by far !","Indian Chinese","positive"
"There was a small wait , but shorter than I expected .","wait","positive"
"There was a small wait , but shorter than I expected .","wait","positive"
"But after last night , Spice Grill is the only place I 'm eating indian cuisine .","indian cuisine","positive"
"The food is decent at best , and the ambience , well , it 's a matter of opinion , some may consider it to be a sweet thing , I thought it was just annoying .","food","negative"
"The food is decent at best , and the ambience , well , it 's a matter of opinion , some may consider it to be a sweet thing , I thought it was just annoying .","ambience","negative"
"Personally I like the margherita pizza better , but they are all good .","margherita pizza","positive"
"If it seemed possible to do so while there I would have fought my bill since my dinner portion of my meal was inedible !","meal","negative"
"At first glance this place seems a bit pricey for a hot dog joint , but at Bark you do n't just get your average hot dog .","Bark","negative"
"The sashimi is always fresh and the rolls are innovative and delicious .","sashimi","positive"
"The sashimi is always fresh and the rolls are innovative and delicious .","rolls","positive"
"The sashimi is always fresh and the rolls are innovative and delicious .","rolls","positive"
"Delivery can be spot on or lacking depending on the weather and the day of the week .","Delivery","negative"
"The Four Seasons restaurant is a great experience .","The Four Seasons restaurant","positive"
"Seriously , this place kicks ass .","place","positive"
"I 've enjoyed 99 % of the dishes we 've ordered with the only exceptions being the occasional too-authentic-for-me dish ( I 'm a daring eater but not THAT daring ) .","dishes","positive"
"I 've enjoyed 99 % of the dishes we 've ordered with the only exceptions being the occasional too-authentic-for-me dish ( I 'm a daring eater but not THAT daring ) .","dish","negative"
"amazing fresh dogs but best of all endless toppings ! ! !","dogs","positive"
"amazing fresh dogs but best of all endless toppings ! ! !","toppings","positive"
"amazing fresh dogs but best of all endless toppings ! ! !","toppings","positive"
"Love this place , every time we are in the city this is one of the places we always go .","place","positive"
"Service is not what one would expect from a joint in this price category .","Service","negative"
"I stumbled upon this great pizzeria as I explored my new neighborhood .","pizzeria","positive"
"This quaint and romantic trattoria is at the top of my Manhattan restaurant list .","trattoria","positive"
"This quaint and romantic trattoria is at the top of my Manhattan restaurant list .","trattoria","positive"
"The food was delicious but do not come here on a empty stomach .","food","positive"
"Patsy 's Pizza - true love","Patsy 's Pizza","positive"
"Average to good Thai food , but terrible delivery .","Thai food","positive"
"Average to good Thai food , but terrible delivery .","delivery","negative"
"I tend to judge a sushi restaurant by its sea urchin , which was heavenly at sushi rose .","sea urchin","positive"
"Yakitori ( bbq meats ) is tasty too .","Yakitori ( bbq meats )","positive"
"Whenever you need a Sushi fix , Mizu will be there with quality fish and great service .","fish","positive"
"Whenever you need a Sushi fix , Mizu will be there with quality fish and great service .","service","positive"
"Faan is sooo good .","Faan","positive"
"Do n't judge this place prima facie , you have to try it to believe it , a home away from home for the literate heart .","place","positive"
"Fish is so very fresh .","Fish","positive"
"My boyfriend had Prime Rib it was good .","Prime Rib","positive"
"Drinks way over priced .","Drinks","negative"
"Unique apppetizers .","apppetizers","positive"
"It 's a great place to order from or sit-in .","place","positive"
"The food is great and reasonably priced .","food","positive"
"The food is great and reasonably priced .","food","positive"
"When we sat , we got great and fast service .","service","positive"
"When we sat , we got great and fast service .","service","positive"
"Be sure to try the seasonal , and always delicious , specials .","specials","positive"
"Be sure to try the seasonal , and always delicious , specials .","specials","positive"
"Be sure to try the seasonal , and always delicious , specials .","specials","positive"
"Great food , good size menu , great service and an unpretensious setting .","food","positive"
"Great food , good size menu , great service and an unpretensious setting .","menu","positive"
"Great food , good size menu , great service and an unpretensious setting .","service","positive"
"Great food , good size menu , great service and an unpretensious setting .","setting","positive"
"The sangria was pretty tasty and good on a hot muggy day .","sangria","positive"
"The sangria was pretty tasty and good on a hot muggy day .","sangria","positive"
"All the staff is absolutely professional ! !","staff","positive"
"The service was impeccable and unobtrusive -- the staff knows what they are there to do -- to know their menu , present your meal , and attend to your needs .","service","positive"
"The service was impeccable and unobtrusive -- the staff knows what they are there to do -- to know their menu , present your meal , and attend to your needs .","service","positive"
"The Four Seasons has history and it is a sort of landmark of New York City restaurants , but trust me , they will charge you through the nose just so that you can say `` I 've been to the four seasons restaurant `` .","The Four Seasons","neutral"
"The Four Seasons has history and it is a sort of landmark of New York City restaurants , but trust me , they will charge you through the nose just so that you can say `` I 've been to the four seasons restaurant `` .","The Four Seasons","negative"
"The food can get pricey but the prixe fixe tasting menu is the greatest food for a good price and they cater the food to any food allergies or food you do n't like .","food","negative"
"The food can get pricey but the prixe fixe tasting menu is the greatest food for a good price and they cater the food to any food allergies or food you do n't like .","prixe fixe tasting menu","positive"
"The food can get pricey but the prixe fixe tasting menu is the greatest food for a good price and they cater the food to any food allergies or food you do n't like .","prixe fixe tasting menu","positive"
"Food was very good , but not what I would consider out of this world .","Food","neutral"
"The server was really cool and served us our food and drinks with a smile .","server","positive"
"The manager came to the table and said we can do what we want , so we paid for what we did enjoy , the drinks and appetizers , and walked out .","drinks","positive"
"The manager came to the table and said we can do what we want , so we paid for what we did enjoy , the drinks and appetizers , and walked out .","appetizers","positive"
"This place is the most Japanese it can ever get .","place","positive"
"The portions are large and the servers always surprise us with a different starter .","portions","positive"
"I absolutely Loved this place .","place","positive"
"The space is limited so be prepared to wait up to 45 minutes - 1 hour , but be richly rewarded when you savor the delicious indo-chinese food .","space","negative"
"The space is limited so be prepared to wait up to 45 minutes - 1 hour , but be richly rewarded when you savor the delicious indo-chinese food .","indo-chinese food","positive"
"They have a delicious banana chocolate dessert , as well as a great green tea tempura .","banana chocolate dessert","positive"
"They have a delicious banana chocolate dessert , as well as a great green tea tempura .","green tea tempura","positive"
"i love margherita pizza – i looove east village pizza","east village pizza","positive"
"i love margherita pizza – i looove east village pizza","margherita pizza","positive"
"Here the hot dog is elevated to the level of a real entree with numerous variations available .","hot dog","positive"
"Here the hot dog is elevated to the level of a real entree with numerous variations available .","hot dog","positive"
"my favorite place lol","place","positive"
"The counter service is bad .","counter service","negative"
"Had an awful experience at Casa la Femme on a Saturday dinner .","Casa la Femme","negative"
"Just because it 's cheap does NOT mean the portions are small or the food is nasty , IT IS GREAT !","food","positive"
"Despite a slightly limited menu , everything prepared is done to perfection , ultra fresh and a work of food art .","menu","negative"
"My main concern was the sanity of the food that was being sent out to myself and others , but I would be lying is I said that as someone who has worked in restaurants since the age of fifteen I was expecting at least a minimal effort on the part of the restaurant to amend the situation .","food","negative"
"The crust is thin , the ingredients are fresh and the staff is friendly .","crust","positive"
"The crust is thin , the ingredients are fresh and the staff is friendly .","staff","positive"
"The crust is thin , the ingredients are fresh and the staff is friendly .","ingredients","positive"
"Do not get the Go Go Hamburgers , no matter what the reviews say .","Go Go Hamburgers","negative"
"Great place , great value .","place","positive"
"Great place , great value .","place","positive"
"Yamato is an excellent place to go if youre not into sashimi , or if you have friends who doesnt like sushi much .","Yamato","positive"
"Everytime I decide to try another place on the UES , I get angry that I did n't just go to Zucchero Pomodori .","Zucchero Pomodori","positive"
"LLOOVVE THIS PLACE .","PLACE","positive"
"The menu is very limited - i think we counted 4 or 5 entrees .","menu","negative"
"This is one of my favorite spot , very relaxing the food is great all the times , celebrated my engagement and my wedding here , it was very well organized .","food","positive"
"The decor however seems to be the distraction so you wo n't notice that you just payed 300 bucks for some cold eggplant that took 2 FRICKIN HOURS TO COME ! ! ! !","decor","neutral"
"The decor however seems to be the distraction so you wo n't notice that you just payed 300 bucks for some cold eggplant that took 2 FRICKIN HOURS TO COME ! ! ! !","eggplant","negative"
"The decor however seems to be the distraction so you wo n't notice that you just payed 300 bucks for some cold eggplant that took 2 FRICKIN HOURS TO COME ! ! ! !","eggplant","negative"
"As a Japanese native , I 've lived in the Tristate area for over 8 years , but I was just so amazed at this place .","place","positive"
"Dessert : pure disaster .","Dessert","negative"
"Moules were excellent , lobster ravioli was VERY salty !","Moules","positive"
"Moules were excellent , lobster ravioli was VERY salty !","lobster ravioli","negative"
"The atmosphere is relaxed and casual .","atmosphere","positive"
"Food is excellent .","Food","positive"
"The food was average to above-average ; the French Onion soup filling yet not overly impressive , and the desserts not brilliant in any way .","food","positive"
"The food was average to above-average ; the French Onion soup filling yet not overly impressive , and the desserts not brilliant in any way .","French Onion soup","negative"
"The food was average to above-average ; the French Onion soup filling yet not overly impressive , and the desserts not brilliant in any way .","desserts","negative"
"The manager finally said he would comp the two glasses of wine ( which cost less than the food ) , and made it seem like a big concession .","manager","negative"
"I never write on these sites but this restaurant is def worth commending !","restaurant","positive"
"The food here was mediocre at best .","food","negative"
"The decor is vibrant and eye-pleasing with several semi-private boths on the right side of the dining hall , which are great for a date .","decor","positive"
"The decor is vibrant and eye-pleasing with several semi-private boths on the right side of the dining hall , which are great for a date .","decor","positive"
"The decor is vibrant and eye-pleasing with several semi-private boths on the right side of the dining hall , which are great for a date .","semi-private boths","positive"
"The decor is very simple but comfortable .","decor","positive"
"The decor is very simple but comfortable .","decor","positive"
"I had fish and my husband had the filet - both of which exceeded our expectations .","fish","positive"
"I had fish and my husband had the filet - both of which exceeded our expectations .","filet","positive"
"The service was attentive , yet discreet .","service","positive"
"The service was attentive , yet discreet .","service","positive"
"The restaurant has a Family feel , not least with regard to the portions which are enormous ; the veal alone could have single-handedly solved third world famine .","restaurant","positive"
"The restaurant has a Family feel , not least with regard to the portions which are enormous ; the veal alone could have single-handedly solved third world famine .","portions","positive"
"The restaurant has a Family feel , not least with regard to the portions which are enormous ; the veal alone could have single-handedly solved third world famine .","veal","positive"
"I come from a family of pizzeria owners , and I 'm almost ashamed to say that the pizza in Fornino 's blows my families receipies away .","pizza","positive"
"Always great service !","service","positive"
"The farro salad and the mashed yukon potatoes were also extremely tasty .","farro salad","positive"
"The farro salad and the mashed yukon potatoes were also extremely tasty .","mashed yukon potatoes","positive"
"The restaurant is cute but not upscale .","restaurant","neutral"
"The restaurant is cute but not upscale .","restaurant","neutral"
"We did tip , I guess the model /waitress just wanted more and complained to the manager .","waitress","negative"
"I choose to go with one of the special , the braised lamb shank in red wine , which was excellent .","braised lamb shank in red wine","positive"
"People are always friendly .","People","positive"
"I recently tried Suan and I thought that it was great .","Suan","positive"
"Too bad I had paid an extra $ 2 for the stone bowl .","stone bowl","negative"
"I like the ambience , it 's very dark and original .","ambience","positive"
"I like the ambience , it 's very dark and original .","ambience","positive"
"I like the ambience , it 's very dark and original .","ambience","positive"
"Pizza was a little soggy .","Pizza","negative"
"great food , great wine list , great service in a great neighborhood ...","food","positive"
"great food , great wine list , great service in a great neighborhood ...","wine list","positive"
"great food , great wine list , great service in a great neighborhood ...","service","positive"
"great food , great wine list , great service in a great neighborhood ...","neighborhood","positive"
"If you want something really different than try Jekyll and Hyde .","Jekyll and Hyde","positive"
"The food is good .","food","positive"
"My wife had barely touched that mess of a dish .","dish","negative"
"I recommend the jelly fish , drunken chicken and the soupy dumplings , certainly the stir fry blue crab .","jelly fish","positive"
"I recommend the jelly fish , drunken chicken and the soupy dumplings , certainly the stir fry blue crab .","drunken chicken","positive"
"I recommend the jelly fish , drunken chicken and the soupy dumplings , certainly the stir fry blue crab .","soupy dumplings","positive"
"I recommend the jelly fish , drunken chicken and the soupy dumplings , certainly the stir fry blue crab .","stir fry blue crab","positive"
"Thalia is a beautiful restaurant with beautiful people serving you , but the food does n't quite match up .","people","positive"
"Thalia is a beautiful restaurant with beautiful people serving you , but the food does n't quite match up .","food","negative"
"Thalia is a beautiful restaurant with beautiful people serving you , but the food does n't quite match up .","Thalia","positive"
"We wo n't go to this place again for a good meal .","meal","negative"
"i happen to have a policy that goes along with a little bit of self-respect , which includes not letting a waiter intimidate me , i.e . make me feel bad asking for trivialities like water , or the check .","waiter","negative"
"My friends settled for rice dishes , but we came back the following day to try the dim sum , which was good ... not outstanding , but good .","dim sum","neutral"
"My friends settled for rice dishes , but we came back the following day to try the dim sum , which was good ... not outstanding , but good .","dim sum","neutral"
"The signs , the specials menus , food , and even all the waitstaff are ALL TOTALLY Japanese .","signs","positive"
"The signs , the specials menus , food , and even all the waitstaff are ALL TOTALLY Japanese .","specials menus","positive"
"The signs , the specials menus , food , and even all the waitstaff are ALL TOTALLY Japanese .","food","positive"
"The signs , the specials menus , food , and even all the waitstaff are ALL TOTALLY Japanese .","waitstaff","positive"
"When we inquired about ports - the waitress listed off several but did not know taste variations or cost .","waitress","negative"
"This establishment is the real deal .","establishment","positive"
"We also asked for Hooka six times and the waiter kept telling us one minute and never returning with the Hooka .","waiter","negative"
"This place is worth an one-hour drive .","place","positive"
"the waitstaffs are nice though .","waitstaffs","positive"
"The food was exceptional .","food","positive"
"I have never left a restaurant feeling as if i was abused , and wasted my hard earned money .","restaurant","negative"
"I have never left a restaurant feeling as if i was abused , and wasted my hard earned money .","restaurant","negative"
"Kind , attentive wait staff .","wait staff","positive"
"Kind , attentive wait staff .","wait staff","positive"
"Decor is charming .","Decor","positive"
"The waitress , seems to be more concerned of looking good than actually waitressing .","waitress","negative"
"I have been to Roth 's twice and both times were very disappointing .","Roth 's","negative"
"We went here for lunch a couple of weeks ago on a Saturday , and I was thoroughly impressed with the food .","food","positive"
"The sake ’ s complimented the courses very well and is successfully easing me into the sake world .","sake ’ s","positive"
"The sake ’ s complimented the courses very well and is successfully easing me into the sake world .","sake ’ s","positive"
"You can get a completely delish martini in a glass ( that 's about 2 1/2 drinks ) for $ 8.50 ( I recommend the Vanilla Shanty , mmmm ! ) in a great homey setting with great music .","martini","positive"
"You can get a completely delish martini in a glass ( that 's about 2 1/2 drinks ) for $ 8.50 ( I recommend the Vanilla Shanty , mmmm ! ) in a great homey setting with great music .","martini","positive"
"You can get a completely delish martini in a glass ( that 's about 2 1/2 drinks ) for $ 8.50 ( I recommend the Vanilla Shanty , mmmm ! ) in a great homey setting with great music .","martini","positive"
"You can get a completely delish martini in a glass ( that 's about 2 1/2 drinks ) for $ 8.50 ( I recommend the Vanilla Shanty , mmmm ! ) in a great homey setting with great music .","Vanilla Shanty","positive"
"You can get a completely delish martini in a glass ( that 's about 2 1/2 drinks ) for $ 8.50 ( I recommend the Vanilla Shanty , mmmm ! ) in a great homey setting with great music .","setting","positive"
"You can get a completely delish martini in a glass ( that 's about 2 1/2 drinks ) for $ 8.50 ( I recommend the Vanilla Shanty , mmmm ! ) in a great homey setting with great music .","music","positive"
"This is an amazing place to try some roti rolls .","roti rolls","positive"
"Judging from previous posts this used to be a good place , but not any longer .","place","negative"
"It is quite a spectacular scene i 'll give them that .","scene","positive"
"A Thai restaurant out of rice during dinner ?","Thai restaurant","negative"
"The bar is very well stocked with interesting beers and well priced wines .","bar","positive"
"The bar is very well stocked with interesting beers and well priced wines .","beers","positive"
"The bar is very well stocked with interesting beers and well priced wines .","wines","positive"
"The staff there is very attentive and down to earth .","staff","positive"
"The staff there is very attentive and down to earth .","staff","positive"
"The kitchen however , is almost always slow .","kitchen","negative"
"It may be a bit packed on weekends , but the vibe is good and it is the best French food you will find in the area .","vibe","positive"
"It may be a bit packed on weekends , but the vibe is good and it is the best French food you will find in the area .","French food","positive"
"i love their chicken pasta cant remember the name but is sooo good","chicken pasta","positive"
"Not only is it an adventure getting to this somewhat hidden spot , once you enter the unmarked wooden doors , the zen and intimate décor will make you feel like you ’ re no longer in the city .","spot","neutral"
"Not only is it an adventure getting to this somewhat hidden spot , once you enter the unmarked wooden doors , the zen and intimate décor will make you feel like you ’ re no longer in the city .","unmarked wooden doors","positive"
"Not only is it an adventure getting to this somewhat hidden spot , once you enter the unmarked wooden doors , the zen and intimate décor will make you feel like you ’ re no longer in the city .","décor","positive"
"great toppings definitely a place you need to check out for late night munchies or a mid day boost !","toppings","positive"
"great toppings definitely a place you need to check out for late night munchies or a mid day boost !","place","positive"
"This place is incredibly tiny .","place","negative"
"The food and service were fine , however the maitre-D was incredibly unwelcoming and arrogant .","food","positive"
"The food and service were fine , however the maitre-D was incredibly unwelcoming and arrogant .","service","positive"
"The food and service were fine , however the maitre-D was incredibly unwelcoming and arrogant .","maitre-D","negative"
"The food and service were fine , however the maitre-D was incredibly unwelcoming and arrogant .","maitre-D","negative"
"The duck confit is always amazing and the foie gras terrine with figs was out of this world .","foie gras terrine with figs","positive"
"The duck confit is always amazing and the foie gras terrine with figs was out of this world .","duck confit","positive"
"Most importantly , food is excellent .","food","positive"
"I ordered the smoked salmon and roe appetizer and it was off flavor .","smoked salmon and roe appetizer","negative"
"Maggot in the food !","food","negative"
"Salads were fantastic .","Salads","positive"
"We had the lobster sandwich and it was FANTASTIC .","lobster sandwich","positive"
"I thought this place was totally overrated .","place","negative"
"I 've lived in NY for 5 years and this place has it all .","place","positive"
"Ask for Usha , the nicest bartender in manhattan .","Usha","positive"
"The service was the only thing good about this restaurant .","service","positive"
"We waited at the bar and had martinis that were just right .","martinis","positive"
"Thius is a must for anyone who loves Shabu-Shabu .","Shabu-Shabu","positive"
"It was totally overpriced - fish and chips was about $ 15 ...","fish and chips","negative"
"They have a huge selection of different cream cheeses and all of their salads are great .","salads","positive"
"They have a huge selection of different cream cheeses and all of their salads are great .","cream cheeses","positive"
"They have a huge selection of different cream cheeses and all of their salads are great .","cream cheeses","positive"
"I would not expect this for a $ 55 dinner .","dinner","negative"
"I would not expect this for a $ 55 dinner .","dinner","negative"
"I got hair in my food 2 times of then !","food","negative"
"Noodle pudding is exactly the type of service and food I enjoy .","service","positive"
"Noodle pudding is exactly the type of service and food I enjoy .","food","positive"
"Volare virgins or weekly regulars , everyone gets treated the same and you ca n't ask for more than that when the service is this friendly .","service","positive"
"Ive asked a cart attendant for a lotus leaf wrapped rice and she replied back rice and just walked away .","cart attendant","negative"
"This place is always very crowded and popular .","place","positive"
"This place is always very crowded and popular .","place","positive"
"The design and atmosphere is just as good .","design","positive"
"The design and atmosphere is just as good .","atmosphere","positive"
"Interesting selection , good wines , service fine , fun decor .","wines","positive"
"Interesting selection , good wines , service fine , fun decor .","service","positive"
"Interesting selection , good wines , service fine , fun decor .","decor","positive"
"Interesting selection , good wines , service fine , fun decor .","selection","positive"
"first it took us a long time to find the place .","place","negative"
"The manager was rude and handled the situation extremely poorly .","manager","negative"
"But the best pork souvlaki I ever had is the main thing .","pork souvlaki","positive"
"I wish I could like this place more , and I wish someone would retrain the staff .","staff","negative"
"Great food , great prices , great service .","food","positive"
"Great food , great prices , great service .","service","positive"
"My son and his girlfriend both wanted cheeseburgers and they were huge !","cheeseburgers","neutral"
"I CAN EAT HERE EVERY DAY OF THE WEEK REALLY LOL LOVE THIS PLACE ... )","PLACE","positive"
"This guy refused to seat her and she left , followed shortly by the four of us , but not before I told him that in my 40 years of world travel , including Paris , that I had never seen such a display of bad behavior by a frontman in a restaurant .","frontman","negative"
"Thank you everyone at Water 's Edge .","Water 's Edge","positive"
"Overall , decent food at a good price , with friendly people .","food","positive"
"Overall , decent food at a good price , with friendly people .","food","positive"
"Overall , decent food at a good price , with friendly people .","people","positive"
"I showed it to the manager , and he smilingly apologized and brought us two free desserts ( but did not ask us what we wanted and so brought the last two desserts we would have asked for ) .","manager","positive"
"Service is average .","Service","neutral"
"I LOVE their Thai","Thai","positive"
"The waitress moved our table practically into the bathroom and when we asked to cancel our dinner orders because we did not want to eat sitting on the toilet , we were told no ...","waitress","negative"
"Tiny dessert was $ 8.00 ... just plain overpriced for what it is .","dessert","negative"
"Tiny dessert was $ 8.00 ... just plain overpriced for what it is .","dessert","negative"
"Tiny dessert was $ 8.00 ... just plain overpriced for what it is .","dessert","negative"
"Do n't dine at Tamarind for the vegetarian dishes , they are simply not up to par with the non-veg selections .","vegetarian dishes","negative"
"And it all comes at a very reasonable price ( congee , noodles , and rice dishes are no more than $ 3-6 each ) .","congee","positive"
"And it all comes at a very reasonable price ( congee , noodles , and rice dishes are no more than $ 3-6 each ) .","noodles","positive"
"And it all comes at a very reasonable price ( congee , noodles , and rice dishes are no more than $ 3-6 each ) .","rice dishes","positive"
"The cold appetizer dishes taste like the way I remember them to taste when I was growing up in Taiwan .","cold appetizer dishes","positive"
"The appetizers are also delicious !","appetizers","positive"
"The wine list is extensive and can easily hike up an otherwise reasonably priced meal .","wine list","positive"
"The wine list is extensive and can easily hike up an otherwise reasonably priced meal .","meal","positive"
"Please take my advice , go and try this place .","place","positive"
"Decor needs to be upgraded but the food is amazing !","Decor","negative"
"Decor needs to be upgraded but the food is amazing !","food","positive"
"Single Worst Restaurant in Manhattan","Restaurant","negative"
"Place is open till late , no dress code .","Place","positive"
"I had never had Edamame pureed before but I thought it was innovative and tasty ( could 've used a bit more salt ) .","Edamame pureed","positive"
"I had never had Edamame pureed before but I thought it was innovative and tasty ( could 've used a bit more salt ) .","Edamame pureed","positive"
"The only thing I moderately enjoyed was their Grilled Chicken special with Edamame Puree .","Grilled Chicken special with Edamame Puree","positive"
"Love their drink menu .","drink menu","positive"
"Bukhara is on my top 5 Indian places in NYC","Bukhara","positive"
"Its location is good and the fact that Hutner College is near and their prices are very reasonable , makes students go back to Suan again and again .","location","positive"
"Its location is good and the fact that Hutner College is near and their prices are very reasonable , makes students go back to Suan again and again .","Suan","positive"
"Terrible , terrible management - deserves to be shut-down .","management","negative"
"Terrible , terrible management - deserves to be shut-down .","management","negative"
"I took one look at the chicken and I was appalled .","chicken","negative"
"Downtown Dinner 2002 - Prixe fix : Appetizers were ok , waiter gave me poor suggestion ... try the potato stuff kanish best one .","Appetizers","neutral"
"Downtown Dinner 2002 - Prixe fix : Appetizers were ok , waiter gave me poor suggestion ... try the potato stuff kanish best one .","waiter","negative"
"Downtown Dinner 2002 - Prixe fix : Appetizers were ok , waiter gave me poor suggestion ... try the potato stuff kanish best one .","potato stuff kanish","positive"
"Downtown Dinner 2002 - Prixe fix : Appetizers were ok , waiter gave me poor suggestion ... try the potato stuff kanish best one .","potato stuff kanish","positive"
"The bagel was huge .","bagel","positive"
"Excellent food , although the interior could use some help .","food","positive"
"Excellent food , although the interior could use some help .","interior","negative"
"I went to Areo on a Sunday afternoon with four of my girlfriends , and spent three enjoyable hours there .","Areo","positive"
"Service was very prompt but slightly rushed .","Service","positive"
"Service was very prompt but slightly rushed .","Service","positive"
"bottles of wine are cheap and good .","bottles of wine","positive"
"bottles of wine are cheap and good .","bottles of wine","positive"
"The menu has so many fish items and oysters .","menu","positive"
"The food was absolutely amazing ! !","food","positive"
"The menu looked great , and the waiter was very nice , but when the food came , it was average .","menu","positive"
"The menu looked great , and the waiter was very nice , but when the food came , it was average .","waiter","positive"
"The menu looked great , and the waiter was very nice , but when the food came , it was average .","food","neutral"
"We were greeted promptly by the waiter who was very nice and cordial .","waiter","positive"
"We were greeted promptly by the waiter who was very nice and cordial .","waiter","positive"
"Wine list selection is good and wine-by-the-glass was generously filled to the top .","Wine list selection","positive"
"Wine list selection is good and wine-by-the-glass was generously filled to the top .","wine-by-the-glass","positive"
"The people that work there are always so friendly you forget you are in New York sometimes .","people","positive"
"Decent wine at reasonable prices .","wine","positive"
"Decent wine at reasonable prices .","wine","positive"
"I got the $ 10 10-piece dim sum combo , every bite of which was great .","$ 10 10-piece dim sum combo","positive"
"Great food !","food","positive"
"Their pad penang is delicious and everything else is fantastic .","pad penang","positive"
"I can not imagine a friendlier staff working in a restaurant .","staff","positive"
"Luckily we saved room for the BBQ Salmon , Sea Bass and Crispy Duck .","BBQ Salmon","positive"
"Luckily we saved room for the BBQ Salmon , Sea Bass and Crispy Duck .","Sea Bass","positive"
"Luckily we saved room for the BBQ Salmon , Sea Bass and Crispy Duck .","Crispy Duck","positive"
"Dokebi gives Williamsburg the right one-two punch of classic Korean food and fusion twists like pork belly tacos .","Korean food","positive"
"Dokebi gives Williamsburg the right one-two punch of classic Korean food and fusion twists like pork belly tacos .","fusion twists","positive"
"Dokebi gives Williamsburg the right one-two punch of classic Korean food and fusion twists like pork belly tacos .","pork belly tacos","positive"
"If you venture off the island of Manhattan and ca n't seem to find a great Italian restaurant , drive to Corona .","Corona","positive"
"Lucky Strike is a great casual place to just grab a bite to eat .","Lucky Strike","positive"
"I have been to Casimir over 5 times and I have always had a great time there .","Casimir","positive"
"But the best part about LS is the late night atmosphere , delightfully free of the BTs .","late night atmosphere","positive"
"The dining room is quietly elegant with no music to shout over -- how refreshing !","dining room","positive"
"The dining room is quietly elegant with no music to shout over -- how refreshing !","dining room","positive"
"This is such a lovely , peaceful place to eat outside .","place","positive"
"This is such a lovely , peaceful place to eat outside .","place","positive"
"Service is top notch .","Service","positive"
"oh speaking of bathroom , the mens bathroom was disgusting .","mens bathroom","negative"
"I 'll being with a couple of positives : cool decor , good pita and hummus , and grilled octopus that was actually pretty tasty .","decor","positive"
"I 'll being with a couple of positives : cool decor , good pita and hummus , and grilled octopus that was actually pretty tasty .","pita","positive"
"I 'll being with a couple of positives : cool decor , good pita and hummus , and grilled octopus that was actually pretty tasty .","hummus","positive"
"I 'll being with a couple of positives : cool decor , good pita and hummus , and grilled octopus that was actually pretty tasty .","grilled octopus","positive"
"Mine was a little burnt but still delicious with goat cheese and panchetta ( raddichio was kind of bitter though ) .","raddichio","negative"
"If I could give 0 stars I would do so for this place .","place","negative"
"The hostess is rude to the point of being offensive .","hostess","negative"
"The hostess is rude to the point of being offensive .","hostess","negative"
"The frizzy retro girl ( with winged/ Dame Edna glasses ) will yell at you if you try to order a drink .","girl","negative"
"Great atmoshere and worth every bit .","atmoshere","positive"
"Bison was quite excellent however .","Bison","positive"
"The food is a diamond in rough -- the food is delicious and homemade with the perfect balance of herbs and tomatoes .","food","positive"
"The food is a diamond in rough -- the food is delicious and homemade with the perfect balance of herbs and tomatoes .","balance of herbs and tomatoes","positive"
"Food was good and the view of the new york city skiline was terrific even on a foggy rainy day like that of when I went .","Food","positive"
"Food was good and the view of the new york city skiline was terrific even on a foggy rainy day like that of when I went .","view of the new york city skiline","positive"
"The lava cake dessert was incredible and I recommend it .","lava cake dessert","positive"
"The lava cake dessert was incredible and I recommend it .","lava cake dessert","positive"
"service is friendly , and never had a problem walking in and getting a table .","service","positive"
"I will be out with friends and all of a sudden I am hungry and I only crave one thing ... their Pizza .","Pizza","positive"
"I was here a few weeks back and we had the worst customer service experience at a restaurant ever .","customer service","negative"
"The spicy tuna roll was unusually good and the rock shrimp tempura was awesome , great appetizer to share !","spicy tuna roll","positive"
"The spicy tuna roll was unusually good and the rock shrimp tempura was awesome , great appetizer to share !","rock shrimp tempura","positive"
"The location and ambience is Ok but the food is what makes up for it .","location","neutral"
"The location and ambience is Ok but the food is what makes up for it .","ambience","neutral"
"The location and ambience is Ok but the food is what makes up for it .","food","positive"
"I noticed alot of indian people eatting there which is a great sign for an indian place !","indian place","positive"
"Always a nice crowd , but never loud .","crowd","positive"
"we love th pink pony .","pink pony","positive"
"Nevertheless , I finished my plate , and that 's when I found a maggot in mushroom sauce at the bottom .","mushroom sauce","negative"
"I started out with a Bombay beer which was big enough for two .","Bombay beer","positive"
"The view is spectacular , and the food is great .","view","positive"
"The view is spectacular , and the food is great .","food","positive"
"What really makes it shine is the food , which is aggressively seasoned with Cyrpriot spices , and all made in-house ( even the gyro meat and sausages ) , and made of much higher quality ingredients that might otherwise be expected .","food","positive"
"What really makes it shine is the food , which is aggressively seasoned with Cyrpriot spices , and all made in-house ( even the gyro meat and sausages ) , and made of much higher quality ingredients that might otherwise be expected .","gyro meat","positive"
"What really makes it shine is the food , which is aggressively seasoned with Cyrpriot spices , and all made in-house ( even the gyro meat and sausages ) , and made of much higher quality ingredients that might otherwise be expected .","sausages","positive"
"What really makes it shine is the food , which is aggressively seasoned with Cyrpriot spices , and all made in-house ( even the gyro meat and sausages ) , and made of much higher quality ingredients that might otherwise be expected .","ingredients","positive"
"What a great place .","place","positive"
"Also , specify if you like your food spicy- its rather bland if you do n't .","food","negative"
"The svc can be a bit rude at times , esp if you have big group , but overall the restaurant is a must !","svc","negative"
"The svc can be a bit rude at times , esp if you have big group , but overall the restaurant is a must !","restaurant","positive"
"The first time the sushi was outstanding , the second time it was a little bland .","sushi","positive"
"The first time the sushi was outstanding , the second time it was a little bland .","sushi","negative"
"The food is flavorful , plentiful and reasonably priced .","food","positive"
"The food is flavorful , plentiful and reasonably priced .","food","positive"
"The food is flavorful , plentiful and reasonably priced .","food","positive"
"Have frequented 'ino for several years and the food remains excellent .","food","positive"
"Gorgeous place ideal for a romantic dinner","place","positive"
"Gorgeous place ideal for a romantic dinner","place","positive"
"quacamole at pacifico is yummy , as are the wings with chimmichuri .","quacamole","positive"
"quacamole at pacifico is yummy , as are the wings with chimmichuri .","wings with chimmichuri","positive"
"I found the food to be outstanding , particulary the salmon dish I had .","food","positive"
"I found the food to be outstanding , particulary the salmon dish I had .","salmon dish","positive"
"My wife had the fried shrimp which are huge and loved it .","fried shrimp","positive"
"My wife had the fried shrimp which are huge and loved it .","fried shrimp","positive"
"Try sushimi cucumber roll .","sushimi cucumber roll","positive"
"Amazing food .","food","positive"
"Truly the mark of an attentive waiter .","waiter","positive"
"The pizza was delivered cold and the cheese was n't even fully melted !","pizza","negative"
"The pizza was delivered cold and the cheese was n't even fully melted !","cheese","negative"
"I 'd be horrified if my staff were turning away customers so early and so rudely !","staff","negative"
"The waiter delivered our food while holding what appeared to be a plastic bag of garbage in one hand .","waiter","negative"
"You can not go wrong with this place .","place","positive"
"We ordered the chicken casserole , but what we got were a few small pieces of chicken , all dark meat and on the bone .","chicken casserole","negative"
"We ordered the chicken casserole , but what we got were a few small pieces of chicken , all dark meat and on the bone .","chicken casserole","negative"
"The sushi was awful !","sushi","negative"
"The staff is no nonsense .","staff","positive"
"All of the pizzas are terrific and the price is even better !","pizzas","positive"
"Cute place , nice wait staff but would never go there again .","wait staff","positive"
"Cute place , nice wait staff but would never go there again .","place","positive"
"Cute place , nice wait staff but would never go there again .","place","negative"
"The entree was bland and small , dessert was not inspired .","entree","negative"
"The entree was bland and small , dessert was not inspired .","entree","negative"
"The entree was bland and small , dessert was not inspired .","dessert","negative"
"Our family never expected such incredible entertainment in a restaurant .","entertainment","positive"
"noodles with shrimp and chicken and coconut juice is the MUST !","noodles with shrimp and chicken and coconut juice","positive"
"The scallion pancakes and fried dumplings were nothing out of the ordinary .","scallion pancakes","neutral"
"The scallion pancakes and fried dumplings were nothing out of the ordinary .","fried dumplings","neutral"
"I really liked this place .","place","positive"
"Super YUMMY Pizza !","Pizza","positive"
"I have NEVER been disappointed in the Red Eye .","Red Eye","positive"
"I ordered the vitello alla marsala and I was pretty impressed .","vitello alla marsala","positive"
"Quick and friendly service .","service","positive"
"Quick and friendly service .","service","positive"
"Warning : You may find it difficult to dine at other Japanese restaurants after a visit to Mizu !","Mizu","positive"
"What a great place !","place","positive"
"Myagi is one of my favorite restaurants in the City ; the place the negative reviews describe sound like they were somewhere else .","Myagi","positive"
"Cool atmosphere , the fire place in the back really ads to it but needs a bit more heat throughout on a cold night .","atmosphere","positive"
"Cool atmosphere , the fire place in the back really ads to it but needs a bit more heat throughout on a cold night .","fire place","positive"
"The atmosphere is nothing special , but it feels like a Sushi establishment in Tokyo .","atmosphere","positive"
"The tuna and wasabe potatoes are excellent .","tuna","positive"
"The tuna and wasabe potatoes are excellent .","wasabe potatoes","positive"
"Have never had a problem with service save a missing rice once .","service","positive"
"We were worried we would have trouble getting in , but somehow managed to have a short wait .","wait","positive"
"The appetizers we ordered were served quickly - an order of fried oysters and clams were delicious but a tiny portion ( maybe 3 of each ) .","fried oysters and clams","positive"
"The appetizers we ordered were served quickly - an order of fried oysters and clams were delicious but a tiny portion ( maybe 3 of each ) .","fried oysters and clams","negative"
"I ca n't wait for summer , when they serve outside on their gigantic patio .","patio","positive"
"stick with the chicken , beef , and lamb dishes .","chicken","positive"
"stick with the chicken , beef , and lamb dishes .","beef","positive"
"stick with the chicken , beef , and lamb dishes .","lamb dishes","positive"
"Over all it was a very nice romantic place .","place","positive"
"Over all it was a very nice romantic place .","place","positive"
"Rather than preparing vegetarian dish , the chef presented me with a plate of steamed vegetables ( minus sauce , seasoning , or any form or aesthetic presentation ) .","vegetarian dish","negative"
"Good , fast service .","service","positive"
"Good , fast service .","service","positive"
"This is the BEST Shabu-Shabu Restaurant in the Try-State Area .","Shabu-Shabu Restaurant","positive"
"The place was nice and calm .","place","positive"
"The place was nice and calm .","place","positive"
"The lobster sandwich is good and the spaghetti with Scallops and Shrimp is great .","lobster sandwich","positive"
"The lobster sandwich is good and the spaghetti with Scallops and Shrimp is great .","spaghetti with Scallops and Shrimp","positive"
"Planet Thailand has always been a hit with me , I go there usually for the sushi , which is great , the thai food is excellent too .","sushi","positive"
"Planet Thailand has always been a hit with me , I go there usually for the sushi , which is great , the thai food is excellent too .","thai food","positive"
"Planet Thailand has always been a hit with me , I go there usually for the sushi , which is great , the thai food is excellent too .","Planet Thailand","positive"
"You can not go wrong at the Red Eye Grill .","Red Eye Grill","positive"
"All in all , the food was great ( except for the dessserts ) .","food","positive"
"There is no excuse for such lousy service !","service","negative"
"Also , waiters try to push more food on you , like suggest things as if they are complimentary when they actually cost $ .","waiters","negative"
"The place itself is beautiful the bar scene seems to be happening .","place","positive"
"For the people who want great food plus great service , Roxy is a place to AVOID !","food","negative"
"For the people who want great food plus great service , Roxy is a place to AVOID !","service","negative"
"When we stumbled on Leon , we thought that we had found quite the gem BUT , we were certainly wrong .","Leon","negative"
"The pizza is yummy and I like the atmoshpere .","pizza","positive"
"The pizza is yummy and I like the atmoshpere .","atmoshpere","positive"
"The Seafood Dynamite is also otherworldly .","Seafood Dynamite","positive"
"this place had ALL the trimmings and i mean all .","trimmings","positive"
"I had the best ravioli ever .","ravioli","positive"
"I can not imagine better Indian food in all of the city .","Indian food","positive"
"Cozy romantic atomosphere with only around 15 tables at most .","atomosphere","positive"
"Other guests enjoyed pizza , santa fe chopped salad and fish and chips .","pizza","positive"
"Other guests enjoyed pizza , santa fe chopped salad and fish and chips .","santa fe chopped salad","positive"
"Other guests enjoyed pizza , santa fe chopped salad and fish and chips .","fish and chips","positive"
"Best Taiwanese food in NY !","Taiwanese food","positive"
"The food was mediocre at best but it was the horrible service that made me vow never to go back .","food","negative"
"The food was mediocre at best but it was the horrible service that made me vow never to go back .","service","negative"
"If you are looking for a good quality , cheap eats - this is the place .","eats","positive"
"If you are looking for a good quality , cheap eats - this is the place .","eats","positive"
"We ordered some beef and noodle soup dishes from the Thai section of the menu but nothing we got was Thai .","beef and noodle soup dishes","negative"
"The bibimbap was average , but the stone bowl was n't even close to sizzling .","bibimbap","neutral"
"The bibimbap was average , but the stone bowl was n't even close to sizzling .","stone bowl","negative"
"This place , which is only a few months old , is perhaps Queens ' biggest secret !","place","positive"
"Food was good not great not worth the wait or another visit","Food","neutral"
"Not sure where the previous reviewer , lonk , dined , but Saul is in a great neighborhood and has great food !","neighborhood","positive"
"Not sure where the previous reviewer , lonk , dined , but Saul is in a great neighborhood and has great food !","food","positive"
"My friend got the mushroom pizza which tasted better .","mushroom pizza","positive"
"I paid just about $ 60 for a good meal , though : )","meal","positive"
"I paid just about $ 60 for a good meal , though : )","meal","positive"
"Nice view of river and NYC .","view of river and NYC","positive"
"I found it on a cold night , the perfect spot to warm up .","spot","positive"
"I was very disappointed with this restaurant .","restaurant","negative"
"The omlette for brunch is great ...","omlette for brunch","positive"
"The fried dumplings are GREAT !","fried dumplings","positive"
"If you are going for the food , it will not be worth it .","food","negative"
"First of all , this place is *not* romantic , as claimed by Citysearch 's editorial review .","place","negative"
"My fav was the sassy lassi ...","sassy lassi","positive"
"An excellent service","service","positive"
"Highly impressed from the decor to the food to the hospitality to the great night I had !","decor","positive"
"Highly impressed from the decor to the food to the hospitality to the great night I had !","food","positive"
"The place is beautiful !","place","positive"
"Worth visiting the 1st Ave spot because it is the original store .","1st Ave spot","positive"
"Overall , excellent restaurant !","restaurant","positive"
"Mazing interior .","interior","negative"
"A weakness is the chicken in the salads .","chicken in the salads","negative"
"Shame on this place for the horrible rude staff and non-existent customer service .","staff","negative"
"Shame on this place for the horrible rude staff and non-existent customer service .","customer service","negative"
"We started off with a delightful sashimi amuse bouche .","sashimi amuse bouche","positive"
"Maybe it was the great company ( I had friends visiting from Philly – yes , it was not a date this time ) or the super reasonable price point , but I just can ’ t say enough good things about this brasserie .","brasserie","positive"
"Maybe it was the great company ( I had friends visiting from Philly – yes , it was not a date this time ) or the super reasonable price point , but I just can ’ t say enough good things about this brasserie .","brasserie","positive"
"It 's a nice place to relax and have conversation .","place","positive"
"But that was n't the icing on the cake : a tiramisu that resembled nothing I have ever had .","tiramisu","negative"
"Pizza here is consistently good .","Pizza","positive"
"I fell in love with the egg noodles in the beef broth with shrimp dumplings and slices of BBQ roast pork .","egg noodles in the beef broth with shrimp dumplings and slices of BBQ roast pork","positive"
"The food was very good , a great deal , and the place its self was great .","food","positive"
"The food was very good , a great deal , and the place its self was great .","food","positive"
"The food was very good , a great deal , and the place its self was great .","place","positive"
"The Yellowtail was particularly good as well .","Yellowtail","positive"
"Price is high but the food is good , so I would come back again .","food","positive"
"Price is high but the food is good , so I would come back again .","food","negative"
"A cool bar with great food , and tons of excellent beer .","bar","positive"
"A cool bar with great food , and tons of excellent beer .","food","positive"
"A cool bar with great food , and tons of excellent beer .","beer","positive"
"A cool bar with great food , and tons of excellent beer .","beer","positive"
"The wine list was extensive - though the staff did not seem knowledgeable about wine pairings .","wine list","positive"
"The wine list was extensive - though the staff did not seem knowledgeable about wine pairings .","staff","negative"
"Their calzones are horrific , bad , vomit-inducing , YUCK .","calzones","negative"
"Their calzones are horrific , bad , vomit-inducing , YUCK .","calzones","negative"
"Their calzones are horrific , bad , vomit-inducing , YUCK .","calzones","negative"
"Their calzones are horrific , bad , vomit-inducing , YUCK .","calzones","negative"
"We both opted for a pasta dish and they were served timely and fresh .","pasta dish","positive"
"They have great rolls , the triple color and norwegetan rolls , are awesome and filling .","rolls","positive"
"They have great rolls , the triple color and norwegetan rolls , are awesome and filling .","triple color and norwegetan rolls","positive"
"They have great rolls , the triple color and norwegetan rolls , are awesome and filling .","triple color and norwegetan rolls","positive"
"The potato balls were not dry at all ... in fact it was buttery .","potato balls","positive"
"The seafood is amazing , there 's a good wine list , and the ever-changing menu always offers some great surprises .","seafood","positive"
"The seafood is amazing , there 's a good wine list , and the ever-changing menu always offers some great surprises .","wine list","positive"
"The seafood is amazing , there 's a good wine list , and the ever-changing menu always offers some great surprises .","menu","positive"
"The seafood is amazing , there 's a good wine list , and the ever-changing menu always offers some great surprises .","menu","positive"
"Definitely a great spot for a nice occasion or date .","spot","positive"
"The food is excellent !","food","positive"
"We went around 9:30 on a Friday and it had died down a bit by then so the service was great !","service","positive"
"This place is always packed .","place","neutral"
"The food was good , the place was clean and affordable .","food","positive"
"The food was good , the place was clean and affordable .","place","positive"
"The food was good , the place was clean and affordable .","place","positive"
"I have known about this secret for the last 13 years , Emilio ( the Godfather ) has continued to serve food and wine for the gods at mortal prices .","food","positive"
"I have known about this secret for the last 13 years , Emilio ( the Godfather ) has continued to serve food and wine for the gods at mortal prices .","wine","positive"
"I have known about this secret for the last 13 years , Emilio ( the Godfather ) has continued to serve food and wine for the gods at mortal prices .","food","positive"
"I have known about this secret for the last 13 years , Emilio ( the Godfather ) has continued to serve food and wine for the gods at mortal prices .","wine","positive"
"Although the tables may be closely situated , the candle-light , food quality and service overcompensate .","candle-light","positive"
"Although the tables may be closely situated , the candle-light , food quality and service overcompensate .","food","positive"
"Although the tables may be closely situated , the candle-light , food quality and service overcompensate .","service","positive"
"Although the tables may be closely situated , the candle-light , food quality and service overcompensate .","tables","negative"
"Dessert is a joke ... dont bother","Dessert","negative"
"Great staff .","staff","positive"
"The food is okay and the prices here are mediocre .","food","neutral"
"At this point , the waitress comes over and asks us if everything was okay , I was literally so shocked that I was speechless and didn 't say anything , and guess what , the waitress WALKED away .","waitress","negative"
"Gross food – Wow-","food","negative"
"The portions are HUGE , so it might be good to order three things to split ( rather than one appetizer and entree per person ) for two people .","portions","neutral"
"Try the Pad Thai , it 's fabulous and their prices are so cheap !","Pad Thai","positive"
"Try the Pad Thai , it 's fabulous and their prices are so cheap !","Pad Thai","positive"
"My husband and I thougt it would be great to go to the Jekyll and Hyde Pub for our anniversary , and to our surprise it was fantastic .","Jekyll and Hyde Pub","positive"
"My husband and I thougt it would be great to go to the Jekyll and Hyde Pub for our anniversary , and to our surprise it was fantastic .","Jekyll and Hyde Pub","positive"
"My chow fun and chow see was really bland and oily .","chow fun and chow see","negative"
"My chow fun and chow see was really bland and oily .","chow fun and chow see","negative"
"Admittedly some nights inside the restaurant were rather warm , but the open kitchen is part of the charm .","open kitchen","positive"
"Admittedly some nights inside the restaurant were rather warm , but the open kitchen is part of the charm .","restaurant","negative"
"I recommend this place to everyone .","place","positive"
"We had half/half pizza , mine was eggplant and my friend had the buffalo and it was sooo huge for a small size pizza !","half/half pizza","positive"
"The food is tasty and portion sizes are appropriate .","food","positive"
"The food is tasty and portion sizes are appropriate .","portion sizes","positive"
"lobster was good , nothing spectacular .","lobster","neutral"
"Chennai Garden is my favorite Indian restaurant in the city .","Chennai Garden","positive"
"Do n't get me started on the margaritas , either .","margaritas","negative"
"The food is delicious - from the specials to the regular menu-fare , the dishes are never a disappointment .","food","positive"
"The food is delicious - from the specials to the regular menu-fare , the dishes are never a disappointment .","dishes","positive"
"The food is delicious - from the specials to the regular menu-fare , the dishes are never a disappointment .","specials","positive"
"The food is delicious - from the specials to the regular menu-fare , the dishes are never a disappointment .","regular menu-fare","positive"
"Not because you are `` The Four Seasons `` ... – you are allowed to charge an arm and a leg for a romatic dinner .","The Four Seasons","negative"
"The staff is incredibly helpful and attentive .","staff","positive"
"The staff is incredibly helpful and attentive .","staff","positive"
"Taxan delicious !","Taxan","positive"
"It 's boring on the inside , and our sushi was pretty below average ... the tuna was soggy and the other rolls had no flavor .","sushi","negative"
"It 's boring on the inside , and our sushi was pretty below average ... the tuna was soggy and the other rolls had no flavor .","tuna","negative"
"It 's boring on the inside , and our sushi was pretty below average ... the tuna was soggy and the other rolls had no flavor .","rolls","negative"
"Be prepared to wait , because the place is pretty tiny .","place","negative"
"Be prepared to wait , because the place is pretty tiny .","place","negative"
"Fantastic place .","place","positive"
"It 's definately not a place to go if you want to impress someone .","place","negative"
"However , once I received my predictably mediocre order of what Dokebi thinks passes as Korean fair , ( sometimes you have to settle when it 's your only option ) , I got through about half my kimchee before I found a piece of random lettuce accompanied by a far more disgusting , slimy , clearly bad piece of fish skin .","kimchee","negative"
"However , once I received my predictably mediocre order of what Dokebi thinks passes as Korean fair , ( sometimes you have to settle when it 's your only option ) , I got through about half my kimchee before I found a piece of random lettuce accompanied by a far more disgusting , slimy , clearly bad piece of fish skin .","Korean fair","negative"
"I am happy i did the food was awsome .","food","positive"
"Amma is nothing special .","Amma","neutral"
"Calling the place Hampton Chutney Co. does warn you that these folks offer more style than substance , but in this unattractive room with unhelpful clerks there was a dearth of the former too .","place","negative"
"Calling the place Hampton Chutney Co. does warn you that these folks offer more style than substance , but in this unattractive room with unhelpful clerks there was a dearth of the former too .","room","negative"
"Calling the place Hampton Chutney Co. does warn you that these folks offer more style than substance , but in this unattractive room with unhelpful clerks there was a dearth of the former too .","clerks","negative"
"The brioche and lollies as party favors is a cute and sweet touch to a most memorable meal .","brioche and lollies","positive"
"The brioche and lollies as party favors is a cute and sweet touch to a most memorable meal .","brioche and lollies","positive"
"I lOVE THIS PLACE !","PLACE","positive"
"Thanks Bloom 's for a lovely trip .","Bloom 's","positive"
"Thanks Bloom 's for a lovely trip .","Bloom 's","positive"
"Going to Bark is always worth the train ride , and will make your tongue and belly very happy !","Bark","positive"
"All in all , I would return - as it was a beautiful restaurant - but I hope the staff pays more attention to the little details in the future .","restaurant","positive"
"All in all , I would return - as it was a beautiful restaurant - but I hope the staff pays more attention to the little details in the future .","restaurant","positive"
"All in all , I would return - as it was a beautiful restaurant - but I hope the staff pays more attention to the little details in the future .","staff","negative"
"Authentic Taiwanese food that 's cheap ... what more could you ask for ?","Taiwanese food","positive"
"Authentic Taiwanese food that 's cheap ... what more could you ask for ?","Taiwanese food","positive"
"I 'm not sure where the other reviewers ate but it seems as if we visited two different restaurants because my friends and I all enjoy Mizu very much ... and we 're repeat customers .","Mizu","positive"
"I highly recommend Cafe St. Bart 's for their food , the ambience and wonderful service .","food","positive"
"I highly recommend Cafe St. Bart 's for their food , the ambience and wonderful service .","ambience","positive"
"I highly recommend Cafe St. Bart 's for their food , the ambience and wonderful service .","service","positive"
"I highly recommend Cafe St. Bart 's for their food , the ambience and wonderful service .","service","positive"
"The food was excellent as well as service , however , I left The Four Seasons very dissappointed .","food","positive"
"The food was excellent as well as service , however , I left The Four Seasons very dissappointed .","service","positive"
"The food was excellent as well as service , however , I left The Four Seasons very dissappointed .","The Four Seasons","negative"
"Their sake list was extensive , but we were looking for Purple Haze , which was n't listed but made for us upon request !","sake list","positive"
"The in-house lady DJ on Saturday nights has outrageously good taste in music , and moreover , takes requests .","in-house lady DJ","positive"
"I had the duck breast special on my last visit and it was incredible .","duck breast special","positive"
